Workbook

Sheet 车辆工程
A1: 序号 | B1: 学号 | C1: 姓名 | D1: 班级 | E1: 课程成绩 本专业名 次 | F1: 课程成绩本 专业排名百 分比 | G1: 课程成绩计算结果 | H1: 纳入计算 的课程数 | I1: 纳入计算课程 获得总学分 | J1: 不及格课 程门数 | K1: 不及格课 程已通过 门数 | L1: 是否通过全 国大学英语 四级 | M1: 第1学期其他表现 | N1: 第2学期其他表现 | O1: 第3学期其他表现 | P1: 第4学期其他表现 | Q1: 第5学期其他表现 | R1: 第6学期其他表现 | S1: 其他表现成绩 | T1: 其他表现 排名名次 | U1: 综合成绩 | V1: 综合 成绩 | W1: 综合排名 名次 | X1: 排名 人数 | Y1: 专业 | Z1: 备注
A2: 1 | B2: 1120233372 | C2: 张倬熙 | D2: =VLOOKUP([1]成绩单!B2,[1]Sheet1!$A:$K,4,0) -> 精工2310 | E2: 1 | F2: 0.010526 | G2: 94.46 | H2: 65 | I2: 137.5 | J2: 0 | K2: 0 | L2: 是 | M2: 5.6 | N2: 9.8 | O2: 22.6 | P2: 15.4 | Q2: 30.2 | S2: =SUM(M2:Q2) -> 83.6 | T2: =COUNTIFS($Y:$Y, Y2, $S:$S, ">"&S2) + 1 -> 1 | U2: =0.85*E2+T2*0.15 -> 1 | V2: =100.4-0.4*W2 -> 100 | W2: =COUNTIFS($Y:$Y, Y2, $U:$U, "<"&U2) + 1 -> 1 | X2: 95 | Y2: 车辆工程
A3: 2 | B3: 1120230331 | C3: 张子凯 | D3: =VLOOKUP([1]成绩单!B3,[1]Sheet1!$A:$K,4,0) -> 精工2311 | E3: 2 | F3: 0.021053 | G3: 93.3579 | H3: 64 | I3: 135.5 | J3: 0 | K3: 0 | L3: 是 | M3: 3.8 | N3: 6.3 | O3: 14.3 | P3: 22.2 | Q3: 18.8 | S3: =SUM(M3:Q3) -> 65.4 | T3: =COUNTIFS($Y:$Y, Y3, $S:$S, ">"&S3) + 1 -> 2 | U3: =0.85*E3+T3*0.15 -> 2 | V3: =100.4-0.4*W3 -> 99.6 | W3: =COUNTIFS($Y:$Y, Y3, $U:$U, "<"&U3) + 1 -> 2 | X3: 95 | Y3: 车辆工程
A4: 3 | B4: 1120232880 | C4: 张焱鑫 | D4: =VLOOKUP([1]成绩单!B5,[1]Sheet1!$A:$K,4,0) -> 精工2311 | E4: 4 | F4: 0.042105 | G4: 92.7918 | H4: 62 | I4: 134.5 | J4: 0 | K4: 0 | L4: 是 | M4: 7.8 | N4: 2.8 | O4: 12.68 | P4: 5.9 | Q4: 11.8 | S4: =SUM(M4:Q4) -> 40.98 | T4: =COUNTIFS($Y:$Y, Y4, $S:$S, ">"&S4) + 1 -> 11 | U4: =0.85*E4+T4*0.15 -> 5.05 | V4: =100.4-0.4*W4 -> 99.2 | W4: =COUNTIFS($Y:$Y, Y4, $U:$U, "<"&U4) + 1 -> 3 | X4: 95 | Y4: 车辆工程
A5: 4 | B5: 1120231019 | C5: 杨轶铭 | D5: =VLOOKUP([1]成绩单!B6,[1]Sheet1!$A:$K,4,0) -> 精工2310 | E5: 5 | F5: 0.052632 | G5: 92.435 | H5: 64 | I5: 138.5 | J5: 0 | K5: 0 | L5: 是 | M5: 1.3 | N5: 1.5 | O5: 4.6 | P5: 17 | Q5: 18.7 | S5: =SUM(M5:Q5) -> 43.1 | T5: =COUNTIFS($Y:$Y, Y5, $S:$S, ">"&S5) + 1 -> 10 | U5: =0.85*E5+T5*0.15 -> 5.75 | V5: =100.4-0.4*W5 -> 98.8 | W5: =COUNTIFS($Y:$Y, Y5, $U:$U, "<"&U5) + 1 -> 4 | X5: 95 | Y5: 车辆工程
A6: 5 | B6: 1120231642 | C6: 李鑫 | D6: =VLOOKUP([1]成绩单!B7,[1]Sheet1!$A:$K,4,0) -> 精工2312 | E6: 6 | F6: 0.063158 | G6: 91.2744 | H6: 66 | I6: 138.5 | J6: 0 | K6: 0 | L6: 是 | M6: 3.5 | N6: 7.8 | O6: 8.5 | P6: 7.7 | Q6: 4.6 | S6: =SUM(M6:Q6) -> 32.1 | T6: =COUNTIFS($Y:$Y, Y6, $S:$S, ">"&S6) + 1 -> 21 | U6: =0.85*E6+T6*0.15 -> 8.25 | V6: =100.4-0.4*W6 -> 98.4 | W6: =COUNTIFS($Y:$Y, Y6, $U:$U, "<"&U6) + 1 -> 5 | X6: 95 | Y6: 车辆工程
A7: 6 | B7: 1120233376 | C7: 王乐桐 | D7: =VLOOKUP([1]成绩单!B4,[1]Sheet1!$A:$K,4,0) -> 精工2310 | E7: 3 | F7: 0.031579 | G7: 93.1696 | H7: 65 | I7: 141.5 | J7: 0 | K7: 0 | L7: 是 | M7: 2.7 | N7: 5.7 | O7: 6.9 | P7: 0.6 | Q7: 0.7 | S7: =SUM(M7:Q7) -> 16.6 | T7: =COUNTIFS($Y:$Y, Y7, $S:$S, ">"&S7) + 1 -> 44 | U7: =0.85*E7+T7*0.15 -> 9.15 | V7: =100.4-0.4*W7 -> 98 | W7: =COUNTIFS($Y:$Y, Y7, $U:$U, "<"&U7) + 1 -> 6 | X7: 95 | Y7: 车辆工程
A8: 7 | B8: 1120230370 | C8: 蒋濮羽 | D8: =VLOOKUP([1]成绩单!B8,[1]Sheet1!$A:$K,4,0) -> 精工2313 | E8: 7 | F8: 0.073684 | G8: 91.1891 | H8: 62 | I8: 133.5 | J8: 0 | K8: 0 | L8: 是 | M8: 2.3 | N8: 6.5 | O8: 12 | P8: 7.5 | Q8: 2.5 | S8: =SUM(M8:Q8) -> 30.8 | T8: =COUNTIFS($Y:$Y, Y8, $S:$S, ">"&S8) + 1 -> 23 | U8: =0.85*E8+T8*0.15 -> 9.4 | V8: =100.4-0.4*W8 -> 97.6 | W8: =COUNTIFS($Y:$Y, Y8, $U:$U, "<"&U8) + 1 -> 7 | X8: 95 | Y8: 车辆工程
A9: 8 | B9: 1120230216 | C9: 徐雷 | D9: =VLOOKUP([1]成绩单!B11,[1]Sheet1!$A:$K,4,0) -> 精工2311 | E9: 10 | F9: 0.105263 | G9: 90.6355 | H9: 63 | I9: 136.5 | J9: 0 | K9: 0 | L9: 是 | M9: 5.7 | N9: 7.7 | O9: 5.9 | P9: 5.8 | Q9: 6.5 | S9: =SUM(M9:Q9) -> 31.6 | T9: =COUNTIFS($Y:$Y, Y9, $S:$S, ">"&S9) + 1 -> 22 | U9: =0.85*E9+T9*0.15 -> 11.8 | V9: =100.4-0.4*W9 -> 97.2 | W9: =COUNTIFS($Y:$Y, Y9, $U:$U, "<"&U9) + 1 -> 8 | X9: 95 | Y9: 车辆工程
A10: 9 | B10: 1120232505 | C10: 王星媛 | D10: =VLOOKUP([1]成绩单!B9,[1]Sheet1!$A:$K,4,0) -> 精工2311 | E10: 8 | F10: 0.084211 | G10: 90.87 | H10: 64 | I10: 138.5 | J10: 0 | K10: 0 | L10: 是 | M10: 1 | N10: 3.5 | O10: 7.3 | P10: 5.6 | Q10: 3.9 | S10: =SUM(M10:Q10) -> 21.3 | T10: =COUNTIFS($Y:$Y, Y10, $S:$S, ">"&S10) + 1 -> 39 | U10: =0.85*E10+T10*0.15 -> 12.65 | V10: =100.4-0.4*W10 -> 96.8 | W10: =COUNTIFS($Y:$Y, Y10, $U:$U, "<"&U10) + 1 -> 9 | X10: 95 | Y10: 车辆工程
A11: 10 | B11: 1120231525 | C11: 尹梦萍 | D11: =VLOOKUP([1]成绩单!B15,[1]Sheet1!$A:$K,4,0) -> 精工2311 | E11: 14 | F11: 0.147368 | G11: 90.0448 | H11: 65 | I11: 139.5 | J11: 0 | K11: 0 | L11: 是 | M11: 4.1 | N11: 10.3 | O11: 8.8 | P11: 7 | Q11: 22.8 | S11: =SUM(M11:Q11) -> 53 | T11: =COUNTIFS($Y:$Y, Y11, $S:$S, ">"&S11) + 1 -> 5 | U11: =0.85*E11+T11*0.15 -> 12.65 | V11: =100.4-0.4*W11 -> 96.8 | W11: =COUNTIFS($Y:$Y, Y11, $U:$U, "<"&U11) + 1 -> 9 | X11: 95 | Y11: 车辆工程
A12: 11 | B12: 1120231293 | C12: 谭星宇 | D12: =VLOOKUP([1]成绩单!B10,[1]Sheet1!$A:$K,4,0) -> 精工2312 | E12: 9 | F12: 0.094737 | G12: 90.6989 | H12: 62 | I12: 134.5 | J12: 0 | K12: 0 | L12: 是 | M12: 2 | N12: 2.85 | O12: 4.3 | P12: 6.6 | Q12: 7.5 | S12: =SUM(M12:Q12) -> 23.25 | T12: =COUNTIFS($Y:$Y, Y12, $S:$S, ">"&S12) + 1 -> 36 | U12: =0.85*E12+T12*0.15 -> 13.05 | V12: =100.4-0.4*W12 -> 96 | W12: =COUNTIFS($Y:$Y, Y12, $U:$U, "<"&U12) + 1 -> 11 | X12: 95 | Y12: 车辆工程
A13: 12 | B13: 1120231622 | C13: 张建鹏 | D13: =VLOOKUP([1]成绩单!B16,[1]Sheet1!$A:$K,4,0) -> 精工2310 | E13: 15 | F13: 0.157895 | G13: 90.0413 | H13: 71 | I13: 151.5 | J13: 0 | K13: 0 | L13: 是 | M13: 1 | N13: 8.9 | O13: 12 | P13: 12.8 | Q13: 13.8 | S13: =SUM(M13:Q13) -> 48.5 | T13: =COUNTIFS($Y:$Y, Y13, $S:$S, ">"&S13) + 1 -> 7 | U13: =0.85*E13+T13*0.15 -> 13.8 | V13: =100.4-0.4*W13 -> 95.6 | W13: =COUNTIFS($Y:$Y, Y13, $U:$U, "<"&U13) + 1 -> 12 | X13: 95 | Y13: 车辆工程
A14: 13 | B14: 1120233389 | C14: 韩金言 | D14: =VLOOKUP([1]成绩单!B17,[1]Sheet1!$A:$K,4,0) -> 精工2313 | E14: 16 | F14: 0.168421 | G14: 89.7641 | H14: 72 | I14: 150.5 | J14: 0 | K14: 0 | L14: 是 | M14: 7 | N14: 10.5 | O14: 10.3 | P14: 15.7 | Q14: 10.5 | S14: =SUM(M14:Q14) -> 54 | T14: =COUNTIFS($Y:$Y, Y14, $S:$S, ">"&S14) + 1 -> 3 | U14: =0.85*E14+T14*0.15 -> 14.05 | V14: =100.4-0.4*W14 -> 95.2 | W14: =COUNTIFS($Y:$Y, Y14, $U:$U, "<"&U14) + 1 -> 13 | X14: 95 | Y14: 车辆工程
A15: 14 | B15: 1120233251 | C15: 寸涛鸣 | D15: =VLOOKUP([1]成绩单!B14,[1]Sheet1!$A:$K,4,0) -> 精工2313 | E15: 13 | F15: 0.136842 | G15: 90.0641 | H15: 65 | I15: 140.5 | J15: 0 | K15: 0 | L15: 是 | M15: 0.8 | N15: 2 | O15: 1.6 | P15: 3.6 | Q15: 18.05 | S15: =SUM(M15:Q15) -> 26.05 | T15: =COUNTIFS($Y:$Y, Y15, $S:$S, ">"&S15) + 1 -> 29 | U15: =0.85*E15+T15*0.15 -> 15.4 | V15: =100.4-0.4*W15 -> 94.8 | W15: =COUNTIFS($Y:$Y, Y15, $U:$U, "<"&U15) + 1 -> 14 | X15: 95 | Y15: 车辆工程
A16: 15 | B16: 1120230994 | C16: 钟宇宸 | D16: =VLOOKUP([1]成绩单!B13,[1]Sheet1!$A:$K,4,0) -> 精工2313 | E16: 12 | F16: 0.126316 | G16: 90.2015 | H16: 63 | I16: 136.5 | J16: 0 | K16: 0 | L16: 是 | M16: 1.9 | N16: 3.75 | O16: 5.5 | P16: 4.1 | Q16: 2.2 | S16: =SUM(M16:Q16) -> 17.45 | T16: =COUNTIFS($Y:$Y, Y16, $S:$S, ">"&S16) + 1 -> 42 | U16: =0.85*E16+T16*0.15 -> 16.5 | V16: =100.4-0.4*W16 -> 94.4 | W16: =COUNTIFS($Y:$Y, Y16, $U:$U, "<"&U16) + 1 -> 15 | X16: 95 | Y16: 车辆工程
A17: 16 | B17: 1120231016 | C17: 王为鸣 | D17: =VLOOKUP([1]成绩单!B20,[1]Sheet1!$A:$K,4,0) -> 精工2312 | E17: 19 | F17: 0.2 | G17: 89.5392 | H17: 68 | I17: 146.5 | J17: 0 | K17: 0 | L17: 是 | M17: 3.85 | N17: 7.3 | O17: 7.3 | P17: 10.9 | Q17: 5.8 | S17: =SUM(M17:Q17) -> 35.15 | T17: =COUNTIFS($Y:$Y, Y17, $S:$S, ">"&S17) + 1 -> 18 | U17: =0.85*E17+T17*0.15 -> 18.85 | V17: =100.4-0.4*W17 -> 94 | W17: =COUNTIFS($Y:$Y, Y17, $U:$U, "<"&U17) + 1 -> 16 | X17: 95 | Y17: 车辆工程
A18: 17 | B18: 1120232293 | C18: 姜政宇 | D18: =VLOOKUP([1]成绩单!B12,[1]Sheet1!$A:$K,4,0) -> 精工2312 | E18: 11 | F18: 0.115789 | G18: 90.2943 | H18: 61 | I18: 132.5 | J18: 0 | K18: 0 | L18: 是 | M18: 1.5 | N18: 2 | O18: 2 | P18: 2 | Q18: 1.5 | S18: =SUM(M18:Q18) -> 9 | T18: =COUNTIFS($Y:$Y, Y18, $S:$S, ">"&S18) + 1 -> 69 | U18: =0.85*E18+T18*0.15 -> 19.7 | V18: =100.4-0.4*W18 -> 93.6 | W18: =COUNTIFS($Y:$Y, Y18, $U:$U, "<"&U18) + 1 -> 17 | X18: 95 | Y18: 车辆工程
A19: 18 | B19: 1120230828 | C19: 杨昇 | D19: =VLOOKUP([1]成绩单!B18,[1]Sheet1!$A:$K,4,0) -> 精工2311 | E19: 17 | F19: 0.178947 | G19: 89.7637 | H19: 63 | I19: 136.5 | J19: 0 | K19: 0 | L19: 是 | M19: 2.65 | N19: 3 | O19: 2.3 | P19: 3.8 | Q19: 6.3 | S19: =SUM(M19:Q19) -> 18.05 | T19: =COUNTIFS($Y:$Y, Y19, $S:$S, ">"&S19) + 1 -> 41 | U19: =0.85*E19+T19*0.15 -> 20.6 | V19: =100.4-0.4*W19 -> 93.2 | W19: =COUNTIFS($Y:$Y, Y19, $U:$U, "<"&U19) + 1 -> 18 | X19: 95 | Y19: 车辆工程
A20: 19 | B20: 1120230268 | C20: 彭琛朗 | D20: =VLOOKUP([1]成绩单!B19,[1]Sheet1!$A:$K,4,0) -> 精工2311 | E20: 18 | F20: 0.189474 | G20: 89.5549 | H20: 63 | I20: 136.5 | J20: 0 | K20: 0 | L20: 是 | M20: 0.8 | N20: 2.2 | O20: 6.35 | P20: 4.2 | Q20: 6.7 | S20: =SUM(M20:Q20) -> 20.25 | T20: =COUNTIFS($Y:$Y, Y20, $S:$S, ">"&S20) + 1 -> 40 | U20: =0.85*E20+T20*0.15 -> 21.3 | V20: =100.4-0.4*W20 -> 92.8 | W20: =COUNTIFS($Y:$Y, Y20, $U:$U, "<"&U20) + 1 -> 19 | X20: 95 | Y20: 车辆工程
A21: 20 | B21: 1120233387 | C21: 罗浩然 | D21: =VLOOKUP([1]成绩单!B23,[1]Sheet1!$A:$K,4,0) -> 精工2312 | E21: 22 | F21: 0.231579 | G21: 89.0341 | H21: 65 | I21: 139.5 | J21: 0 | K21: 0 | L21: 是 | M21: 5.4 | N21: 1.5 | O21: 7.1 | P21: 5.9 | Q21: 12.6 | S21: =SUM(M21:Q21) -> 32.5 | T21: =COUNTIFS($Y:$Y, Y21, $S:$S, ">"&S21) + 1 -> 20 | U21: =0.85*E21+T21*0.15 -> 21.7 | V21: =100.4-0.4*W21 -> 92.4 | W21: =COUNTIFS($Y:$Y, Y21, $U:$U, "<"&U21) + 1 -> 20 | X21: 95 | Y21: 车辆工程
A22: 21 | B22: 1120233006 | C22: 张焕纯 | D22: =VLOOKUP([1]成绩单!B24,[1]Sheet1!$A:$K,4,0) -> 精工2312 | E22: 23 | F22: 0.242105 | G22: 89.0167 | H22: 63 | I22: 134.5 | J22: 0 | K22: 0 | L22: 是 | M22: 0 | N22: 1 | O22: 9 | P22: 10 | Q22: 10 | S22: =SUM(M22:Q22) -> 30 | T22: =COUNTIFS($Y:$Y, Y22, $S:$S, ">"&S22) + 1 -> 24 | U22: =0.85*E22+T22*0.15 -> 23.15 | V22: =100.4-0.4*W22 -> 92 | W22: =COUNTIFS($Y:$Y, Y22, $U:$U, "<"&U22) + 1 -> 21 | X22: 95 | Y22: 车辆工程
A23: 22 | B23: 1120232489 | C23: 仇自羽 | D23: =VLOOKUP([1]成绩单!B27,[1]Sheet1!$A:$K,4,0) -> 精工2312 | E23: 26 | F23: 0.273684 | G23: 88.8 | H23: 64 | I23: 137.5 | J23: 0 | K23: 0 | L23: 是 | M23: 3.2 | N23: 4.3 | O23: 16.4 | P23: 9.2 | Q23: 7 | S23: =SUM(M23:Q23) -> 40.1 | T23: =COUNTIFS($Y:$Y, Y23, $S:$S, ">"&S23) + 1 -> 12 | U23: =0.85*E23+T23*0.15 -> 23.9 | V23: =100.4-0.4*W23 -> 91.6 | W23: =COUNTIFS($Y:$Y, Y23, $U:$U, "<"&U23) + 1 -> 22 | X23: 95 | Y23: 车辆工程
A24: 23 | B24: 1120231656 | C24: 王敬源 | D24: =VLOOKUP([1]成绩单!B21,[1]Sheet1!$A:$K,4,0) -> 精工2313 | E24: 20 | F24: 0.210526 | G24: 89.0989 | H24: 66 | I24: 141.5 | J24: 0 | K24: 0 | L24: 是 | M24: 2.6 | N24: 1.7 | O24: 5.5 | P24: 2 | Q24: 3.7 | S24: =SUM(M24:Q24) -> 15.5 | T24: =COUNTIFS($Y:$Y, Y24, $S:$S, ">"&S24) + 1 -> 47 | U24: =0.85*E24+T24*0.15 -> 24.05 | V24: =100.4-0.4*W24 -> 91.2 | W24: =COUNTIFS($Y:$Y, Y24, $U:$U, "<"&U24) + 1 -> 23 | X24: 95 | Y24: 车辆工程
A25: 24 | B25: 1120232875 | C25: 何宣佐 | D25: =VLOOKUP([1]成绩单!B26,[1]Sheet1!$A:$K,4,0) -> 精工2311 | E25: 25 | F25: 0.263158 | G25: 88.853 | H25: 65 | I25: 139.5 | J25: 0 | K25: 0 | L25: 是 | M25: 2.4 | N25: 0.8 | O25: 12.2 | P25: 5 | Q25: 8.5 | S25: =SUM(M25:Q25) -> 28.9 | T25: =COUNTIFS($Y:$Y, Y25, $S:$S, ">"&S25) + 1 -> 25 | U25: =0.85*E25+T25*0.15 -> 25 | V25: =100.4-0.4*W25 -> 90.8 | W25: =COUNTIFS($Y:$Y, Y25, $U:$U, "<"&U25) + 1 -> 24 | X25: 95 | Y25: 车辆工程
A26: 25 | B26: 1120231612 | C26: 尹毅 | D26: =VLOOKUP([1]成绩单!B25,[1]Sheet1!$A:$K,4,0) -> 精工2312 | E26: 24 | F26: 0.252632 | G26: 88.9682 | H26: 66 | I26: 141.5 | J26: 0 | K26: 0 | L26: 是 | M26: 0.2 | N26: 1.2 | O26: 5 | P26: 4.65 | Q26: 14.14 | S26: =SUM(M26:Q26) -> 25.19 | T26: =COUNTIFS($Y:$Y, Y26, $S:$S, ">"&S26) + 1 -> 34 | U26: =0.85*E26+T26*0.15 -> 25.5 | V26: =100.4-0.4*W26 -> 90.4 | W26: =COUNTIFS($Y:$Y, Y26, $U:$U, "<"&U26) + 1 -> 25 | X26: 95 | Y26: 车辆工程
A27: 26 | B27: 1120231778 | C27: 杨光 | D27: =VLOOKUP([1]成绩单!B22,[1]Sheet1!$A:$K,4,0) -> 精工2310 | E27: 21 | F27: 0.221053 | G27: 89.0657 | H27: 66 | I27: 140.75 | J27: 0 | K27: 0 | L27: 是 | M27: 0.5 | N27: 5 | O27: 4.3 | P27: 2 | Q27: 0.75 | S27: =SUM(M27:Q27) -> 12.55 | T27: =COUNTIFS($Y:$Y, Y27, $S:$S, ">"&S27) + 1 -> 55 | U27: =0.85*E27+T27*0.15 -> 26.1 | V27: =100.4-0.4*W27 -> 90 | W27: =COUNTIFS($Y:$Y, Y27, $U:$U, "<"&U27) + 1 -> 26 | X27: 95 | Y27: 车辆工程
A28: 27 | B28: 1120232495 | C28: 邹子航 | D28: =VLOOKUP([1]成绩单!B31,[1]Sheet1!$A:$K,4,0) -> 精工2313 | E28: 30 | F28: 0.315789 | G28: 87.7685 | H28: 63 | I28: 135 | J28: 0 | K28: 0 | L28: 是 | M28: 0.3 | N28: 5.84 | O28: 17.4 | P28: 5.15 | Q28: 8.7 | S28: =SUM(M28:Q28) -> 37.39 | T28: =COUNTIFS($Y:$Y, Y28, $S:$S, ">"&S28) + 1 -> 16 | U28: =0.85*E28+T28*0.15 -> 27.9 | V28: =100.4-0.4*W28 -> 89.6 | W28: =COUNTIFS($Y:$Y, Y28, $U:$U, "<"&U28) + 1 -> 27 | X28: 95 | Y28: 车辆工程
A29: 28 | B29: 1120231433 | C29: 陈天润 | D29: =VLOOKUP([1]成绩单!B32,[1]Sheet1!$A:$K,4,0) -> 精工2310 | E29: 31 | F29: 0.326316 | G29: 87.3817 | H29: 74 | I29: 158.5 | J29: 0 | K29: 0 | L29: 是 | M29: 1.8 | N29: 4.48 | O29: 7.5 | P29: 10.8 | Q29: 9.7 | S29: =SUM(M29:Q29) -> 34.28 | T29: =COUNTIFS($Y:$Y, Y29, $S:$S, ">"&S29) + 1 -> 19 | U29: =0.85*E29+T29*0.15 -> 29.2 | V29: =100.4-0.4*W29 -> 89.2 | W29: =COUNTIFS($Y:$Y, Y29, $U:$U, "<"&U29) + 1 -> 28 | X29: 95 | Y29: 车辆工程
A30: 29 | B30: 1120231631 | C30: 陈佳楠 | D30: =VLOOKUP([1]成绩单!B28,[1]Sheet1!$A:$K,4,0) -> 精工2313 | E30: 27 | F30: 0.284211 | G30: 88.5948 | H30: 63 | I30: 134.5 | J30: 0 | K30: 0 | L30: 是 | M30: 0.5 | N30: 1.2 | O30: 5.3 | P30: 1.5 | Q30: 7.6 | S30: =SUM(M30:Q30) -> 16.1 | T30: =COUNTIFS($Y:$Y, Y30, $S:$S, ">"&S30) + 1 -> 45 | U30: =0.85*E30+T30*0.15 -> 29.7 | V30: =100.4-0.4*W30 -> 88.8 | W30: =COUNTIFS($Y:$Y, Y30, $U:$U, "<"&U30) + 1 -> 29 | X30: 95 | Y30: 车辆工程
A31: 30 | B31: 1120231762 | C31: 曹清淞 | D31: =VLOOKUP([1]成绩单!B35,[1]Sheet1!$A:$K,4,0) -> 精工2310 | E31: 34 | F31: 0.357895 | G31: 87.0636 | H31: 67 | I31: 141.5 | J31: 0 | K31: 0 | L31: 是 | M31: 1.7 | N31: 6.2 | O31: 9.4 | P31: 10.6 | Q31: 10.2 | S31: =SUM(M31:Q31) -> 38.1 | T31: =COUNTIFS($Y:$Y, Y31, $S:$S, ">"&S31) + 1 -> 15 | U31: =0.85*E31+T31*0.15 -> 31.15 | V31: =100.4-0.4*W31 -> 88.4 | W31: =COUNTIFS($Y:$Y, Y31, $U:$U, "<"&U31) + 1 -> 30 | X31: 95 | Y31: 车辆工程
A32: 31 | B32: 1120232294 | C32: 王子卿 | D32: =VLOOKUP([1]成绩单!B29,[1]Sheet1!$A:$K,4,0) -> 精工2312 | E32: 28 | F32: 0.294737 | G32: 88.3045 | H32: 64 | I32: 138.75 | J32: 0 | K32: 0 | L32: 是 | M32: 2.15 | N32: 1.7 | O32: 3.2 | P32: 5.7 | Q32: 1.2 | S32: =SUM(M32:Q32) -> 13.95 | T32: =COUNTIFS($Y:$Y, Y32, $S:$S, ">"&S32) + 1 -> 50 | U32: =0.85*E32+T32*0.15 -> 31.3 | V32: =100.4-0.4*W32 -> 88 | W32: =COUNTIFS($Y:$Y, Y32, $U:$U, "<"&U32) + 1 -> 31 | X32: 95 | Y32: 车辆工程
A33: 32 | B33: 1120232903 | C33: 陈俊利 | D33: =VLOOKUP([1]成绩单!B33,[1]Sheet1!$A:$K,4,0) -> 精工2312 | E33: 32 | F33: 0.336842 | G33: 87.2921 | H33: 64 | I33: 139.5 | J33: 0 | K33: 0 | L33: 是 | M33: 1.3 | N33: 3.2 | O33: 8.35 | P33: 6.15 | Q33: 7 | S33: =SUM(M33:Q33) -> 26 | T33: =COUNTIFS($Y:$Y, Y33, $S:$S, ">"&S33) + 1 -> 30 | U33: =0.85*E33+T33*0.15 -> 31.7 | V33: =100.4-0.4*W33 -> 87.6 | W33: =COUNTIFS($Y:$Y, Y33, $U:$U, "<"&U33) + 1 -> 32 | X33: 95 | Y33: 车辆工程
A34: 33 | B34: 1120231358 | C34: 沈哲彦 | D34: =VLOOKUP([1]成绩单!B37,[1]Sheet1!$A:$K,4,0) -> 精工2313 | E34: 36 | F34: 0.378947 | G34: 86.953 | H34: 67 | I34: 143.5 | J34: 0 | K34: 0 | L34: 是 | M34: 2.7 | N34: 6.7 | O34: 11.6 | P34: 10.6 | Q34: 14.8 | S34: =SUM(M34:Q34) -> 46.4 | T34: =COUNTIFS($Y:$Y, Y34, $S:$S, ">"&S34) + 1 -> 9 | U34: =0.85*E34+T34*0.15 -> 31.95 | V34: =100.4-0.4*W34 -> 87.2 | W34: =COUNTIFS($Y:$Y, Y34, $U:$U, "<"&U34) + 1 -> 33 | X34: 95 | Y34: 车辆工程
A35: 34 | B35: 1120232519 | C35: 徐潇怡 | D35: =VLOOKUP([1]成绩单!B34,[1]Sheet1!$A:$K,4,0) -> 精工2310 | E35: 33 | F35: 0.347368 | G35: 87.1572 | H35: 66 | I35: 141.5 | J35: 0 | K35: 0 | L35: 是 | M35: 2.8 | N35: 0.4 | O35: 3.7 | P35: 6 | Q35: 13.3 | S35: =SUM(M35:Q35) -> 26.2 | T35: =COUNTIFS($Y:$Y, Y35, $S:$S, ">"&S35) + 1 -> 28 | U35: =0.85*E35+T35*0.15 -> 32.25 | V35: =100.4-0.4*W35 -> 86.8 | W35: =COUNTIFS($Y:$Y, Y35, $U:$U, "<"&U35) + 1 -> 34 | X35: 95 | Y35: 车辆工程
A36: 35 | B36: 1120232761 | C36: 谌力 | D36: =VLOOKUP([1]成绩单!B30,[1]Sheet1!$A:$K,4,0) -> 精工2310 | E36: 29 | F36: 0.305263 | G36: 87.9636 | H36: 64 | I36: 137.5 | J36: 0 | K36: 0 | L36: 是 | M36: 1.2 | N36: 2.2 | O36: 2.3 | P36: 2.5 | Q36: 4.5 | S36: =SUM(M36:Q36) -> 12.7 | T36: =COUNTIFS($Y:$Y, Y36, $S:$S, ">"&S36) + 1 -> 54 | U36: =0.85*E36+T36*0.15 -> 32.75 | V36: =100.4-0.4*W36 -> 86.4 | W36: =COUNTIFS($Y:$Y, Y36, $U:$U, "<"&U36) + 1 -> 35 | X36: 95 | Y36: 车辆工程
A37: 36 | B37: 1120231024 | C37: 罗薇 | D37: =VLOOKUP([1]成绩单!B43,[1]Sheet1!$A:$K,4,0) -> 精工2311 | E37: 42 | F37: 0.442105 | G37: 85.6575 | H37: 64 | I37: 136.5 | J37: 0 | K37: 0 | L37: 是 | M37: 5.7 | N37: 8.1 | O37: 8.5 | P37: 8.7 | Q37: 9 | S37: =SUM(M37:Q37) -> 40 | T37: =COUNTIFS($Y:$Y, Y37, $S:$S, ">"&S37) + 1 -> 13 | U37: =0.85*E37+T37*0.15 -> 37.65 | V37: =100.4-0.4*W37 -> 86 | W37: =COUNTIFS($Y:$Y, Y37, $U:$U, "<"&U37) + 1 -> 36 | X37: 95 | Y37: 车辆工程
A38: 37 | B38: 1120233391 | C38: 暴雨泽 | D38: =VLOOKUP([1]成绩单!B36,[1]Sheet1!$A:$K,4,0) -> 精工2311 | E38: 35 | F38: 0.368421 | G38: 86.9908 | H38: 63 | I38: 136.5 | J38: 0 | K38: 0 | L38: 是 | M38: 0.95 | N38: 1.8 | O38: 1.3 | P38: 1 | Q38: 7.7 | S38: =SUM(M38:Q38) -> 12.75 | T38: =COUNTIFS($Y:$Y, Y38, $S:$S, ">"&S38) + 1 -> 53 | U38: =0.85*E38+T38*0.15 -> 37.7 | V38: =100.4-0.4*W38 -> 85.6 | W38: =COUNTIFS($Y:$Y, Y38, $U:$U, "<"&U38) + 1 -> 37 | X38: 95 | Y38: 车辆工程
A39: 38 | B39: 1120232222 | C39: 陈禹男 | D39: =VLOOKUP([1]成绩单!B41,[1]Sheet1!$A:$K,4,0) -> 精工2313 | E39: 40 | F39: 0.421053 | G39: 86.0849 | H39: 63 | I39: 135.5 | J39: 0 | K39: 0 | L39: 是 | M39: 1.8 | N39: 2 | O39: 2.6 | P39: 8.5 | Q39: 13.4 | S39: =SUM(M39:Q39) -> 28.3 | T39: =COUNTIFS($Y:$Y, Y39, $S:$S, ">"&S39) + 1 -> 26 | U39: =0.85*E39+T39*0.15 -> 37.9 | V39: =100.4-0.4*W39 -> 85.2 | W39: =COUNTIFS($Y:$Y, Y39, $U:$U, "<"&U39) + 1 -> 38 | X39: 95 | Y39: 车辆工程
A40: 39 | B40: 1120231429 | C40: 蒋淞羽 | D40: =VLOOKUP([1]成绩单!B39,[1]Sheet1!$A:$K,4,0) -> 精工2310 | E40: 38 | F40: 0.4 | G40: 86.1245 | H40: 64 | I40: 136.5 | J40: 0 | K40: 0 | L40: 是 | M40: 4.8 | N40: 5.8 | O40: 4.7 | P40: 3.5 | Q40: 3.6 | S40: =SUM(M40:Q40) -> 22.4 | T40: =COUNTIFS($Y:$Y, Y40, $S:$S, ">"&S40) + 1 -> 38 | U40: =0.85*E40+T40*0.15 -> 38 | V40: =100.4-0.4*W40 -> 84.8 | W40: =COUNTIFS($Y:$Y, Y40, $U:$U, "<"&U40) + 1 -> 39 | X40: 95 | Y40: 车辆工程
A41: 40 | B41: 1120232897 | C41: 闻方银 | D41: =VLOOKUP([1]成绩单!B42,[1]Sheet1!$A:$K,4,0) -> 精工2310 | E41: 41 | F41: 0.431579 | G41: 85.8085 | H41: 66 | I41: 141 | J41: 0 | K41: 0 | L41: 是 | M41: 1.05 | N41: 3.2 | O41: 7.5 | P41: 7.7 | Q41: 6 | S41: =SUM(M41:Q41) -> 25.45 | T41: =COUNTIFS($Y:$Y, Y41, $S:$S, ">"&S41) + 1 -> 33 | U41: =0.85*E41+T41*0.15 -> 39.8 | V41: =100.4-0.4*W41 -> 84.4 | W41: =COUNTIFS($Y:$Y, Y41, $U:$U, "<"&U41) + 1 -> 40 | X41: 95 | Y41: 车辆工程
A42: 41 | B42: 1120231272 | C42: 麦钰淋 | D42: =VLOOKUP([1]成绩单!B48,[1]Sheet1!$A:$K,4,0) -> 精工2312 | E42: 47 | F42: 0.494737 | G42: 84.632 | H42: 62 | I42: 134.5 | J42: 0 | K42: 0 | L42: 是 | M42: 4.6 | N42: 5 | O42: 9.3 | P42: 7.9 | Q42: 13 | S42: =SUM(M42:Q42) -> 39.8 | T42: =COUNTIFS($Y:$Y, Y42, $S:$S, ">"&S42) + 1 -> 14 | U42: =0.85*E42+T42*0.15 -> 42.05 | V42: =100.4-0.4*W42 -> 84 | W42: =COUNTIFS($Y:$Y, Y42, $U:$U, "<"&U42) + 1 -> 41 | X42: 95 | Y42: 车辆工程
A43: 42 | B43: 1120232867 | C43: 罗雨婷 | D43: =VLOOKUP([1]成绩单!B46,[1]Sheet1!$A:$K,4,0) -> 精工2311 | E43: 45 | F43: 0.473684 | G43: 85.2894 | H43: 68 | I43: 146 | J43: 1 | K43: 0 | L43: 是 | M43: 0.45 | N43: 3.5 | O43: 6.8 | P43: 4.9 | Q43: 7.4 | S43: =SUM(M43:Q43) -> 23.05 | T43: =COUNTIFS($Y:$Y, Y43, $S:$S, ">"&S43) + 1 -> 37 | U43: =0.85*E43+T43*0.15 -> 43.8 | V43: =100.4-0.4*W43 -> 83.6 | W43: =COUNTIFS($Y:$Y, Y43, $U:$U, "<"&U43) + 1 -> 42 | X43: 95 | Y43: 车辆工程
A44: 43 | B44: 1120232760 | C44: 李夏昕 | D44: =VLOOKUP([1]成绩单!B45,[1]Sheet1!$A:$K,4,0) -> 精工2310 | E44: 44 | F44: 0.463158 | G44: 85.3491 | H44: 64 | I44: 137.5 | J44: 0 | K44: 0 | L44: 是 | M44: 4.3 | N44: 2.6 | O44: 3.7 | P44: 2.2 | Q44: 3 | S44: =SUM(M44:Q44) -> 15.8 | T44: =COUNTIFS($Y:$Y, Y44, $S:$S, ">"&S44) + 1 -> 46 | U44: =0.85*E44+T44*0.15 -> 44.3 | V44: =100.4-0.4*W44 -> 83.2 | W44: =COUNTIFS($Y:$Y, Y44, $U:$U, "<"&U44) + 1 -> 43 | X44: 95 | Y44: 车辆工程
A45: 44 | B45: 1120231777 | C45: 于皓冰 | D45: =VLOOKUP([1]成绩单!B51,[1]Sheet1!$A:$K,4,0) -> 精工2311 | E45: 50 | F45: 0.526316 | G45: 84.3948 | H45: 64 | I45: 135.5 | J45: 0 | K45: 0 | L45: 是 | M45: 1.75 | N45: 10.7 | O45: 9.2 | P45: 4.8 | Q45: 10.2 | S45: =SUM(M45:Q45) -> 36.65 | T45: =COUNTIFS($Y:$Y, Y45, $S:$S, ">"&S45) + 1 -> 17 | U45: =0.85*E45+T45*0.15 -> 45.05 | V45: =100.4-0.4*W45 -> 82.8 | W45: =COUNTIFS($Y:$Y, Y45, $U:$U, "<"&U45) + 1 -> 44 | X45: 95 | Y45: 车辆工程
A46: 45 | B46: 1120231020 | C46: 钟雨凌 | D46: =VLOOKUP([1]成绩单!B38,[1]Sheet1!$A:$K,4,0) -> 精工2311 | E46: 37 | F46: 0.389474 | G46: 86.8472 | H46: 61 | I46: 132.5 | J46: 0 | K46: 0 | L46: 是 | M46: 0 | N46: 0 | O46: 0 | P46: 0 | Q46: 0.5 | S46: =SUM(M46:Q46) -> 0.5 | T46: =COUNTIFS($Y:$Y, Y46, $S:$S, ">"&S46) + 1 -> 92 | U46: =0.85*E46+T46*0.15 -> 45.25 | V46: =100.4-0.4*W46 -> 82.4 | W46: =COUNTIFS($Y:$Y, Y46, $U:$U, "<"&U46) + 1 -> 45 | X46: 95 | Y46: 车辆工程
A47: 46 | B47: 1120233420 | C47: 舒详淋 | D47: =VLOOKUP([1]成绩单!B44,[1]Sheet1!$A:$K,4,0) -> 精工2311 | E47: 43 | F47: 0.452632 | G47: 85.4368 | H47: 64 | I47: 138.5 | J47: 0 | K47: 0 | L47: 是 | M47: 3.5 | N47: 5.1 | O47: 0.5 | P47: 0.5 | Q47: 1.2 | S47: =SUM(M47:Q47) -> 10.8 | T47: =COUNTIFS($Y:$Y, Y47, $S:$S, ">"&S47) + 1 -> 62 | U47: =0.85*E47+T47*0.15 -> 45.85 | V47: =100.4-0.4*W47 -> 82 | W47: =COUNTIFS($Y:$Y, Y47, $U:$U, "<"&U47) + 1 -> 46 | X47: 95 | Y47: 车辆工程
A48: 47 | B48: 1120230418 | C48: 李君锋 | D48: =VLOOKUP([1]成绩单!B40,[1]Sheet1!$A:$K,4,0) -> 精工2312 | E48: 38 | F48: 0.4 | G48: 86.1245 | H48: 63 | I48: 136.5 | J48: 0 | K48: 0 | L48: 是 | M48: 0 | N48: 0 | O48: 0 | P48: 0 | Q48: 0 | S48: =SUM(M48:Q48) -> 0 | T48: =COUNTIFS($Y:$Y, Y48, $S:$S, ">"&S48) + 1 -> 94 | U48: =0.85*E48+T48*0.15 -> 46.4 | V48: =100.4-0.4*W48 -> 81.6 | W48: =COUNTIFS($Y:$Y, Y48, $U:$U, "<"&U48) + 1 -> 47 | X48: 95 | Y48: 车辆工程
A49: 48 | B49: 1120230997 | C49: 周明霞 | D49: =VLOOKUP([1]成绩单!B50,[1]Sheet1!$A:$K,4,0) -> 精工2313 | E49: 49 | F49: 0.515789 | G49: 84.4304 | H49: 63 | I49: 136.5 | J49: 0 | K49: 0 | L49: 是 | M49: 3 | N49: 5.5 | O49: 4.8 | P49: 4.5 | Q49: 7.7 | S49: =SUM(M49:Q49) -> 25.5 | T49: =COUNTIFS($Y:$Y, Y49, $S:$S, ">"&S49) + 1 -> 32 | U49: =0.85*E49+T49*0.15 -> 46.45 | V49: =100.4-0.4*W49 -> 81.2 | W49: =COUNTIFS($Y:$Y, Y49, $U:$U, "<"&U49) + 1 -> 48 | X49: 95 | Y49: 车辆工程
A50: 49 | B50: 1120232217 | C50: 黄虹琳 | D50: =VLOOKUP([1]成绩单!B55,[1]Sheet1!$A:$K,4,0) -> 精工2312 | E50: 54 | F50: 0.568421 | G50: 84.0929 | H50: 71 | I50: 150.75 | J50: 0 | K50: 0 | L50: 是 | M50: 2.6 | N50: 9.5 | O50: 12.4 | P50: 9.4 | Q50: 19.4 | S50: =SUM(M50:Q50) -> 53.3 | T50: =COUNTIFS($Y:$Y, Y50, $S:$S, ">"&S50) + 1 -> 4 | U50: =0.85*E50+T50*0.15 -> 46.5 | V50: =100.4-0.4*W50 -> 80.8 | W50: =COUNTIFS($Y:$Y, Y50, $U:$U, "<"&U50) + 1 -> 49 | X50: 95 | Y50: 车辆工程
A51: 50 | B51: 1120233383 | C51: 郭宇轩 | D51: =VLOOKUP([1]成绩单!B53,[1]Sheet1!$A:$K,4,0) -> 精工2312 | E51: 52 | F51: 0.547368 | G51: 84.2751 | H51: 62 | I51: 134.5 | J51: 1 | K51: 1 | L51: 是 | M51: 1.3 | N51: 2.7 | O51: 7 | P51: 4.2 | Q51: 10.5 | S51: =SUM(M51:Q51) -> 25.7 | T51: =COUNTIFS($Y:$Y, Y51, $S:$S, ">"&S51) + 1 -> 31 | U51: =0.85*E51+T51*0.15 -> 48.85 | V51: =100.4-0.4*W51 -> 80.4 | W51: =COUNTIFS($Y:$Y, Y51, $U:$U, "<"&U51) + 1 -> 50 | X51: 95 | Y51: 车辆工程
A52: 51 | B52: 1120231425 | C52: 周姜 | D52: =VLOOKUP([1]成绩单!B58,[1]Sheet1!$A:$K,4,0) -> 精工2312 | E52: 57 | F52: 0.6 | G52: 83.452 | H52: 63 | I52: 135.5 | J52: 0 | K52: 0 | L52: 是 | M52: 1.3 | N52: 6.45 | O52: 17.3 | P52: 14.1 | Q52: 8.65 | S52: =SUM(M52:Q52) -> 47.8 | T52: =COUNTIFS($Y:$Y, Y52, $S:$S, ">"&S52) + 1 -> 8 | U52: =0.85*E52+T52*0.15 -> 49.65 | V52: =100.4-0.4*W52 -> 80 | W52: =COUNTIFS($Y:$Y, Y52, $U:$U, "<"&U52) + 1 -> 51 | X52: 95 | Y52: 车辆工程
A53: 52 | B53: 1120230980 | C53: 王伟威 | D53: =VLOOKUP([1]成绩单!B47,[1]Sheet1!$A:$K,4,0) -> 精工2311 | E53: 46 | F53: 0.484211 | G53: 85.1252 | H53: 64 | I53: 137.75 | J53: 0 | K53: 0 | L53: 是 | M53: 1.7 | N53: 1 | O53: 2.3 | P53: 3 | Q53: 0 | S53: =SUM(M53:Q53) -> 8 | T53: =COUNTIFS($Y:$Y, Y53, $S:$S, ">"&S53) + 1 -> 72 | U53: =0.85*E53+T53*0.15 -> 49.9 | V53: =100.4-0.4*W53 -> 79.6 | W53: =COUNTIFS($Y:$Y, Y53, $U:$U, "<"&U53) + 1 -> 52 | X53: 95 | Y53: 车辆工程
A54: 53 | B54: 1120232298 | C54: 闫天傲 | D54: =VLOOKUP([1]成绩单!B49,[1]Sheet1!$A:$K,4,0) -> 精工2313 | E54: 48 | F54: 0.505263 | G54: 84.5055 | H54: 64 | I54: 137.5 | J54: 0 | K54: 0 | L54: 是 | M54: 1.5 | N54: 1 | O54: 4.2 | P54: 0.8 | Q54: 3 | S54: =SUM(M54:Q54) -> 10.5 | T54: =COUNTIFS($Y:$Y, Y54, $S:$S, ">"&S54) + 1 -> 64 | U54: =0.85*E54+T54*0.15 -> 50.4 | V54: =100.4-0.4*W54 -> 79.2 | W54: =COUNTIFS($Y:$Y, Y54, $U:$U, "<"&U54) + 1 -> 53 | X54: 95 | Y54: 车辆工程
A55: 54 | B55: 1120230047 | C55: 李岳鸿 | D55: =VLOOKUP([1]成绩单!B52,[1]Sheet1!$A:$K,4,0) -> 精工2311 | E55: 51 | F55: 0.536842 | G55: 84.3903 | H55: 62 | I55: 134.5 | J55: 0 | K55: 0 | L55: 是 | M55: 1.7 | N55: 5 | O55: 4 | P55: 3 | Q55: 1 | S55: =SUM(M55:Q55) -> 14.7 | T55: =COUNTIFS($Y:$Y, Y55, $S:$S, ">"&S55) + 1 -> 49 | U55: =0.85*E55+T55*0.15 -> 50.7 | V55: =100.4-0.4*W55 -> 78.8 | W55: =COUNTIFS($Y:$Y, Y55, $U:$U, "<"&U55) + 1 -> 54 | X55: 95 | Y55: 车辆工程
A56: 55 | B56: 1120232911 | C56: 魏志先 | D56: =VLOOKUP([1]成绩单!B60,[1]Sheet1!$A:$K,4,0) -> 精工2310 | E56: 59 | F56: 0.621053 | G56: 82.8114 | H56: 67 | I56: 144.5 | J56: 0 | K56: 0 | L56: 是 | M56: 3.9 | N56: 3.9 | O56: 18.2 | P56: 9.7 | Q56: 17.3 | S56: =SUM(M56:Q56) -> 53 | T56: =COUNTIFS($Y:$Y, Y56, $S:$S, ">"&S56) + 1 -> 5 | U56: =0.85*E56+T56*0.15 -> 50.9 | V56: =100.4-0.4*W56 -> 78.4 | W56: =COUNTIFS($Y:$Y, Y56, $U:$U, "<"&U56) + 1 -> 55 | X56: 95 | Y56: 车辆工程
A57: 56 | B57: 1120232054 | C57: 覃薇菲 | D57: =VLOOKUP([1]成绩单!B54,[1]Sheet1!$A:$K,4,0) -> 精工2313 | E57: 53 | F57: 0.557895 | G57: 84.1007 | H57: 63 | I57: 136.5 | J57: 0 | K57: 0 | L57: 是 | M57: 0.55 | N57: 1.5 | O57: 1.8 | P57: 1 | Q57: 5 | S57: =SUM(M57:Q57) -> 9.85 | T57: =COUNTIFS($Y:$Y, Y57, $S:$S, ">"&S57) + 1 -> 66 | U57: =0.85*E57+T57*0.15 -> 54.95 | V57: =100.4-0.4*W57 -> 78 | W57: =COUNTIFS($Y:$Y, Y57, $U:$U, "<"&U57) + 1 -> 56 | X57: 95 | Y57: 车辆工程
A58: 57 | B58: 1120231766 | C58: 王佳仪 | D58: =VLOOKUP([1]成绩单!B56,[1]Sheet1!$A:$K,4,0) -> 精工2312 | E58: 55 | F58: 0.578947 | G58: 84.039 | H58: 62 | I58: 134.5 | J58: 0 | K58: 0 | L58: 是 | M58: 2.65 | N58: 1.2 | O58: 1.225 | P58: 1.2 | Q58: 2.35 | S58: =SUM(M58:Q58) -> 8.625 | T58: =COUNTIFS($Y:$Y, Y58, $S:$S, ">"&S58) + 1 -> 70 | U58: =0.85*E58+T58*0.15 -> 57.25 | V58: =100.4-0.4*W58 -> 77.6 | W58: =COUNTIFS($Y:$Y, Y58, $U:$U, "<"&U58) + 1 -> 57 | X58: 95 | Y58: 车辆工程
A59: 58 | B59: 1120231638 | C59: 王映淳 | D59: =VLOOKUP([1]成绩单!B64,[1]Sheet1!$A:$K,4,0) -> 精工2313 | E59: 63 | F59: 0.663158 | G59: 81.7737 | H59: 63 | I59: 137 | J59: 0 | K59: 0 | L59: 是 | M59: 2.7 | N59: 1.35 | O59: 11.3 | P59: 3.6 | Q59: 7.4 | S59: =SUM(M59:Q59) -> 26.35 | T59: =COUNTIFS($Y:$Y, Y59, $S:$S, ">"&S59) + 1 -> 27 | U59: =0.85*E59+T59*0.15 -> 57.6 | V59: =100.4-0.4*W59 -> 77.2 | W59: =COUNTIFS($Y:$Y, Y59, $U:$U, "<"&U59) + 1 -> 58 | X59: 95 | Y59: 车辆工程
A60: 59 | B60: 1120230989 | C60: 付佳成 | D60: =VLOOKUP([1]成绩单!B62,[1]Sheet1!$A:$K,4,0) -> 精工2310 | E60: 61 | F60: 0.642105 | G60: 82.3242 | H60: 63 | I60: 136.5 | J60: 0 | K60: 0 | L60: 是 | M60: 0.2 | N60: 0.8 | O60: 2.5 | P60: 3 | Q60: 5.5 | S60: =SUM(M60:Q60) -> 12 | T60: =COUNTIFS($Y:$Y, Y60, $S:$S, ">"&S60) + 1 -> 58 | U60: =0.85*E60+T60*0.15 -> 60.55 | V60: =100.4-0.4*W60 -> 76.8 | W60: =COUNTIFS($Y:$Y, Y60, $U:$U, "<"&U60) + 1 -> 59 | X60: 95 | Y60: 车辆工程
A61: 60 | B61: 1120230721 | C61: 赵一婷 | D61: =VLOOKUP([1]成绩单!B61,[1]Sheet1!$A:$K,4,0) -> 精工2310 | E61: 60 | F61: 0.631579 | G61: 82.7302 | H61: 61 | I61: 132.5 | J61: 0 | K61: 0 | L61: 是 | M61: 2.15 | N61: 2.3 | O61: 3.5 | P61: 2.5 | Q61: 0 | S61: =SUM(M61:Q61) -> 10.45 | T61: =COUNTIFS($Y:$Y, Y61, $S:$S, ">"&S61) + 1 -> 65 | U61: =0.85*E61+T61*0.15 -> 60.75 | V61: =100.4-0.4*W61 -> 76.4 | W61: =COUNTIFS($Y:$Y, Y61, $U:$U, "<"&U61) + 1 -> 60 | X61: 95 | Y61: 车辆工程
A62: 61 | B62: 1120232876 | C62: 周宗鑫 | D62: =VLOOKUP([1]成绩单!B57,[1]Sheet1!$A:$K,4,0) -> 精工2312 | E62: 56 | F62: 0.589474 | G62: 83.8297 | H62: 65 | I62: 139.5 | J62: 0 | K62: 0 | L62: 是 | M62: 0 | N62: -0.5 | O62: 0.15 | P62: 0.5 | Q62: 0 | S62: =SUM(M62:Q62) -> 0.15 | T62: =COUNTIFS($Y:$Y, Y62, $S:$S, ">"&S62) + 1 -> 93 | U62: =0.85*E62+T62*0.15 -> 61.55 | V62: =100.4-0.4*W62 -> 76 | W62: =COUNTIFS($Y:$Y, Y62, $U:$U, "<"&U62) + 1 -> 61 | X62: 95 | Y62: 车辆工程
A63: 62 | B63: 1120231189 | C63: 姚烨 | D63: =VLOOKUP([1]成绩单!B59,[1]Sheet1!$A:$K,4,0) -> 精工2313 | E63: 58 | F63: 0.610526 | G63: 82.8623 | H63: 61 | I63: 132.5 | J63: 0 | K63: 0 | L63: 是 | M63: 0 | N63: 0.2 | O63: 1.2 | P63: 0.7 | Q63: 0.2 | S63: =SUM(M63:Q63) -> 2.3 | T63: =COUNTIFS($Y:$Y, Y63, $S:$S, ">"&S63) + 1 -> 88 | U63: =0.85*E63+T63*0.15 -> 62.5 | V63: =100.4-0.4*W63 -> 75.6 | W63: =COUNTIFS($Y:$Y, Y63, $U:$U, "<"&U63) + 1 -> 62 | X63: 95 | Y63: 车辆工程
A64: 63 | B64: 1120232909 | C64: 杨照 | D64: =VLOOKUP([1]成绩单!B67,[1]Sheet1!$A:$K,4,0) -> 精工2310 | E64: 66 | F64: 0.694737 | G64: 81.2208 | H64: 61 | I64: 132.5 | J64: 0 | K64: 0 | L64: 是 | M64: 1.6 | N64: 3.3 | O64: 2.6 | P64: 5 | Q64: 1 | S64: =SUM(M64:Q64) -> 13.5 | T64: =COUNTIFS($Y:$Y, Y64, $S:$S, ">"&S64) + 1 -> 51 | U64: =0.85*E64+T64*0.15 -> 63.75 | V64: =100.4-0.4*W64 -> 75.2 | W64: =COUNTIFS($Y:$Y, Y64, $U:$U, "<"&U64) + 1 -> 63 | X64: 95 | Y64: 车辆工程
A65: 64 | B65: 1120232303 | C65: 杨雨润 | D65: =VLOOKUP([1]成绩单!B66,[1]Sheet1!$A:$K,4,0) -> 精工2311 | E65: 65 | F65: 0.684211 | G65: 81.6355 | H65: 63 | I65: 136.5 | J65: 0 | K65: 0 | L65: 是 | M65: 2.1 | N65: 3.3 | O65: 4.2 | P65: 0 | Q65: 1.2 | S65: =SUM(M65:Q65) -> 10.8 | T65: =COUNTIFS($Y:$Y, Y65, $S:$S, ">"&S65) + 1 -> 62 | U65: =0.85*E65+T65*0.15 -> 64.55 | V65: =100.4-0.4*W65 -> 74.8 | W65: =COUNTIFS($Y:$Y, Y65, $U:$U, "<"&U65) + 1 -> 64 | X65: 95 | Y65: 车辆工程
A66: 65 | B66: 1120230582 | C66: 车睿 | D66: =VLOOKUP([1]成绩单!B71,[1]Sheet1!$A:$K,4,0) -> 精工2313 | E66: 70 | F66: 0.736842 | G66: 80.9151 | H66: 61 | I66: 132.5 | J66: 0 | K66: 0 | L66: 是 | M66: 1.05 | N66: 4.04 | O66: 6.6 | P66: 10.3 | Q66: 1.5 | S66: =SUM(M66:Q66) -> 23.49 | T66: =COUNTIFS($Y:$Y, Y66, $S:$S, ">"&S66) + 1 -> 35 | U66: =0.85*E66+T66*0.15 -> 64.75 | V66: =100.4-0.4*W66 -> 74.4 | W66: =COUNTIFS($Y:$Y, Y66, $U:$U, "<"&U66) + 1 -> 65 | X66: 95 | Y66: 车辆工程
A67: 66 | B67: 1120230715 | C67: 王建锟 | D67: =VLOOKUP([1]成绩单!B70,[1]Sheet1!$A:$K,4,0) -> 精工2310 | E67: 69 | F67: 0.726316 | G67: 80.9821 | H67: 66 | I67: 139.5 | J67: 0 | K67: 0 | L67: 是 | M67: 6.9 | N67: 0.8 | O67: 1.8 | P67: 2.9 | Q67: 4.5 | S67: =SUM(M67:Q67) -> 16.9 | T67: =COUNTIFS($Y:$Y, Y67, $S:$S, ">"&S67) + 1 -> 43 | U67: =0.85*E67+T67*0.15 -> 65.1 | V67: =100.4-0.4*W67 -> 74 | W67: =COUNTIFS($Y:$Y, Y67, $U:$U, "<"&U67) + 1 -> 66 | X67: 95 | Y67: 车辆工程
A68: 67 | B68: 1120231022 | C68: 廖世敏 | D68: =VLOOKUP([1]成绩单!B63,[1]Sheet1!$A:$K,4,0) -> 精工2310 | E68: 62 | F68: 0.652632 | G68: 82.1679 | H68: 65 | I68: 138.5 | J68: 0 | K68: 0 | L68: 是 | M68: 0 | N68: 0.1 | O68: 1 | P68: 1.35 | Q68: 0 | S68: =SUM(M68:Q68) -> 2.45 | T68: =COUNTIFS($Y:$Y, Y68, $S:$S, ">"&S68) + 1 -> 87 | U68: =0.85*E68+T68*0.15 -> 65.75 | V68: =100.4-0.4*W68 -> 73.6 | W68: =COUNTIFS($Y:$Y, Y68, $U:$U, "<"&U68) + 1 -> 67 | X68: 95 | Y68: 车辆工程
A69: 68 | B69: 1120232215 | C69: 陈伟杰 | D69: =VLOOKUP([1]成绩单!B68,[1]Sheet1!$A:$K,4,0) -> 精工2310 | E69: 67 | F69: 0.705263 | G69: 81.0608 | H69: 63 | I69: 135.75 | J69: 0 | K69: 0 | L69: 否 | M69: 1.2 | N69: 2.4 | O69: 2.2 | P69: 5.09 | Q69: 0.2 | S69: =SUM(M69:Q69) -> 11.09 | T69: =COUNTIFS($Y:$Y, Y69, $S:$S, ">"&S69) + 1 -> 61 | U69: =0.85*E69+T69*0.15 -> 66.1 | V69: =100.4-0.4*W69 -> 73.2 | W69: =COUNTIFS($Y:$Y, Y69, $U:$U, "<"&U69) + 1 -> 68 | X69: 95 | Y69: 车辆工程
A70: 69 | B70: 1120232873 | C70: 周一多 | D70: =VLOOKUP([1]成绩单!B65,[1]Sheet1!$A:$K,4,0) -> 精工2312 | E70: 64 | F70: 0.673684 | G70: 81.761 | H70: 62 | I70: 136 | J70: 0 | K70: 0 | L70: 是 | M70: 0.2 | N70: 0.2 | O70: 1.2 | P70: 3.2 | Q70: 0.2 | S70: =SUM(M70:Q70) -> 5 | T70: =COUNTIFS($Y:$Y, Y70, $S:$S, ">"&S70) + 1 -> 80 | U70: =0.85*E70+T70*0.15 -> 66.4 | V70: =100.4-0.4*W70 -> 72.8 | W70: =COUNTIFS($Y:$Y, Y70, $U:$U, "<"&U70) + 1 -> 69 | X70: 95 | Y70: 车辆工程
A71: 70 | B71: 1120230391 | C71: 张恒 | D71: =VLOOKUP([1]成绩单!B69,[1]Sheet1!$A:$K,4,0) -> 精工2313 | E71: 68 | F71: 0.715789 | G71: 80.9833 | H71: 62 | I71: 134.5 | J71: 0 | K71: 0 | L71: 是 | M71: 1.2 | N71: 2 | O71: 0.2 | P71: 0.9 | Q71: 1 | S71: =SUM(M71:Q71) -> 5.3 | T71: =COUNTIFS($Y:$Y, Y71, $S:$S, ">"&S71) + 1 -> 79 | U71: =0.85*E71+T71*0.15 -> 69.65 | V71: =100.4-0.4*W71 -> 72.4 | W71: =COUNTIFS($Y:$Y, Y71, $U:$U, "<"&U71) + 1 -> 70 | X71: 95 | Y71: 车辆工程
A72: 71 | B72: 1120230998 | C72: 胥健 | D72: =VLOOKUP([1]成绩单!B73,[1]Sheet1!$A:$K,4,0) -> 精工2312 | E72: 72 | F72: 0.757895 | G72: 80.5861 | H72: 64 | I72: 136.5 | J72: 0 | K72: 0 | L72: 是 | M72: 1.5 | N72: 1.6 | O72: 1.6 | P72: 4.95 | Q72: 1.7 | S72: =SUM(M72:Q72) -> 11.35 | T72: =COUNTIFS($Y:$Y, Y72, $S:$S, ">"&S72) + 1 -> 60 | U72: =0.85*E72+T72*0.15 -> 70.2 | V72: =100.4-0.4*W72 -> 72 | W72: =COUNTIFS($Y:$Y, Y72, $U:$U, "<"&U72) + 1 -> 71 | X72: 95 | Y72: 车辆工程
A73: 72 | B73: 1120231432 | C73: 高梓翔 | D73: =VLOOKUP([1]成绩单!B75,[1]Sheet1!$A:$K,4,0) -> 精工2313 | E73: 74 | F73: 0.778947 | G73: 80.1165 | H73: 65 | I73: 139.5 | J73: 0 | K73: 0 | L73: 是 | M73: 3 | N73: 1.3 | O73: 4 | P73: 2.8 | Q73: 0.9 | S73: =SUM(M73:Q73) -> 12 | T73: =COUNTIFS($Y:$Y, Y73, $S:$S, ">"&S73) + 1 -> 58 | U73: =0.85*E73+T73*0.15 -> 71.6 | V73: =100.4-0.4*W73 -> 71.6 | W73: =COUNTIFS($Y:$Y, Y73, $U:$U, "<"&U73) + 1 -> 72 | X73: 95 | Y73: 车辆工程
A74: 73 | B74: 1120232045 | C74: 王明洋 | D74: =VLOOKUP([1]成绩单!B72,[1]Sheet1!$A:$K,4,0) -> 精工2311 | E74: 71 | F74: 0.747368 | G74: 80.6209 | H74: 64 | I74: 136.5 | J74: 0 | K74: 0 | L74: 是 | M74: 1 | N74: 2 | O74: 1.2 | P74: 0.7 | Q74: 0.5 | S74: =SUM(M74:Q74) -> 5.4 | T74: =COUNTIFS($Y:$Y, Y74, $S:$S, ">"&S74) + 1 -> 78 | U74: =0.85*E74+T74*0.15 -> 72.05 | V74: =100.4-0.4*W74 -> 71.2 | W74: =COUNTIFS($Y:$Y, Y74, $U:$U, "<"&U74) + 1 -> 73 | X74: 95 | Y74: 车辆工程
A75: 74 | B75: 1120232484 | C75: 孙源 | D75: =VLOOKUP([1]成绩单!B74,[1]Sheet1!$A:$K,4,0) -> 精工2311 | E75: 73 | F75: 0.768421 | G75: 80.3883 | H75: 63 | I75: 136.5 | J75: 0 | K75: 0 | L75: 是 | M75: 0.2 | N75: 0.2 | O75: 1.2 | P75: 1.1 | Q75: 1.2 | S75: =SUM(M75:Q75) -> 3.9 | T75: =COUNTIFS($Y:$Y, Y75, $S:$S, ">"&S75) + 1 -> 83 | U75: =0.85*E75+T75*0.15 -> 74.5 | V75: =100.4-0.4*W75 -> 70.8 | W75: =COUNTIFS($Y:$Y, Y75, $U:$U, "<"&U75) + 1 -> 74 | X75: 95 | Y75: 车辆工程
A76: 75 | B76: 1120233020 | C76: 黄广 | D76: =VLOOKUP([1]成绩单!B77,[1]Sheet1!$A:$K,4,0) -> 精工2310 | E76: 76 | F76: 0.8 | G76: 79.9851 | H76: 63 | I76: 134.5 | J76: 1 | K76: 1 | L76: 是 | M76: 0.3 | N76: 1.3 | O76: 2.25 | P76: 2.1 | Q76: 1 | S76: =SUM(M76:Q76) -> 6.95 | T76: =COUNTIFS($Y:$Y, Y76, $S:$S, ">"&S76) + 1 -> 75 | U76: =0.85*E76+T76*0.15 -> 75.85 | V76: =100.4-0.4*W76 -> 70.4 | W76: =COUNTIFS($Y:$Y, Y76, $U:$U, "<"&U76) + 1 -> 75 | X76: 95 | Y76: 车辆工程
A77: 76 | B77: 1120232502 | C77: 后冉杰 | D77: =VLOOKUP([1]成绩单!B76,[1]Sheet1!$A:$K,4,0) -> 精工2311 | E77: 75 | F77: 0.789474 | G77: 80.0952 | H77: 64 | I77: 136.5 | J77: 0 | K77: 0 | L77: 是 | M77: 1.6 | N77: 0.2 | O77: 0.9 | P77: 1.5 | Q77: 0 | S77: =SUM(M77:Q77) -> 4.2 | T77: =COUNTIFS($Y:$Y, Y77, $S:$S, ">"&S77) + 1 -> 82 | U77: =0.85*E77+T77*0.15 -> 76.05 | V77: =100.4-0.4*W77 -> 70 | W77: =COUNTIFS($Y:$Y, Y77, $U:$U, "<"&U77) + 1 -> 76 | X77: 95 | Y77: 车辆工程
A78: 77 | B78: 1120230388 | C78: 徐传东 | D78: =VLOOKUP([1]成绩单!B79,[1]Sheet1!$A:$K,4,0) -> 精工2313 | E78: 78 | F78: 0.821053 | G78: 79.0818 | H78: 62 | I78: 134.5 | J78: 2 | K78: 2 | L78: 是 | M78: 1.9 | N78: 1.45 | O78: 1.5 | P78: 1.5 | Q78: 3.2 | S78: =SUM(M78:Q78) -> 9.55 | T78: =COUNTIFS($Y:$Y, Y78, $S:$S, ">"&S78) + 1 -> 67 | U78: =0.85*E78+T78*0.15 -> 76.35 | V78: =100.4-0.4*W78 -> 69.6 | W78: =COUNTIFS($Y:$Y, Y78, $U:$U, "<"&U78) + 1 -> 77 | X78: 95 | Y78: 车辆工程
A79: 78 | B79: 1120232490 | C79: 张胤泓 | D79: =VLOOKUP([1]成绩单!B78,[1]Sheet1!$A:$K,4,0) -> 精工2311 | E79: 77 | F79: 0.810526 | G79: 79.2138 | H79: 62 | I79: 134.5 | J79: 0 | K79: 0 | L79: 是 | M79: 1.9 | N79: 0.2 | O79: 2.5 | P79: 1.5 | Q79: 1 | S79: =SUM(M79:Q79) -> 7.1 | T79: =COUNTIFS($Y:$Y, Y79, $S:$S, ">"&S79) + 1 -> 74 | U79: =0.85*E79+T79*0.15 -> 76.55 | V79: =100.4-0.4*W79 -> 69.2 | W79: =COUNTIFS($Y:$Y, Y79, $U:$U, "<"&U79) + 1 -> 78 | X79: 95 | Y79: 车辆工程
A80: 79 | B80: 1120231362 | C80: 钟宇皓 | D80: =VLOOKUP([1]成绩单!B80,[1]Sheet1!$A:$K,4,0) -> 精工2311 | E80: 79 | F80: 0.831579 | G80: 79.0254 | H80: 65 | I80: 137.75 | J80: 0 | K80: 0 | L80: 是 | M80: 2.2 | N80: 1 | O80: 2.8 | P80: 2 | Q80: 1.3 | S80: =SUM(M80:Q80) -> 9.3 | T80: =COUNTIFS($Y:$Y, Y80, $S:$S, ">"&S80) + 1 -> 68 | U80: =0.85*E80+T80*0.15 -> 77.35 | V80: =100.4-0.4*W80 -> 68.8 | W80: =COUNTIFS($Y:$Y, Y80, $U:$U, "<"&U80) + 1 -> 79 | X80: 95 | Y80: 车辆工程
A81: 80 | B81: 1120232283 | C81: 赵骏林 | D81: =VLOOKUP([1]成绩单!B84,[1]Sheet1!$A:$K,4,0) -> 精工2313 | E81: 83 | F81: 0.873684 | G81: 77.7286 | H81: 62 | I81: 134.5 | J81: 1 | K81: 1 | L81: 是 | M81: 2.2 | N81: 1.2 | O81: 5.9 | P81: 2.2 | Q81: 3.45 | S81: =SUM(M81:Q81) -> 14.95 | T81: =COUNTIFS($Y:$Y, Y81, $S:$S, ">"&S81) + 1 -> 48 | U81: =0.85*E81+T81*0.15 -> 77.75 | V81: =100.4-0.4*W81 -> 68.4 | W81: =COUNTIFS($Y:$Y, Y81, $U:$U, "<"&U81) + 1 -> 80 | X81: 95 | Y81: 车辆工程
A82: 81 | B82: 1120232301 | C82: 张熙源 | D82: =VLOOKUP([1]成绩单!B86,[1]Sheet1!$A:$K,4,0) -> 精工2313 | E82: 85 | F82: 0.894737 | G82: 76.7974 | H82: 62 | I82: 134.5 | J82: 1 | K82: 1 | L82: 是 | M82: 2.5 | N82: 2.35 | O82: 3.5 | P82: 2.4 | Q82: 1.4 | S82: =SUM(M82:Q82) -> 12.15 | T82: =COUNTIFS($Y:$Y, Y82, $S:$S, ">"&S82) + 1 -> 57 | U82: =0.85*E82+T82*0.15 -> 80.8 | V82: =100.4-0.4*W82 -> 68 | W82: =COUNTIFS($Y:$Y, Y82, $U:$U, "<"&U82) + 1 -> 81 | X82: 95 | Y82: 车辆工程
A83: 82 | B83: 1120231278 | C83: 韦懿桐 | D83: =VLOOKUP([1]成绩单!B87,[1]Sheet1!$A:$K,4,0) -> 精工2313 | E83: 86 | F83: 0.905263 | G83: 76.7719 | H83: 61 | I83: 131.5 | J83: 1 | K83: 1 | L83: 是 | M83: 4.3 | N83: 4.6 | O83: 1 | P83: 2.9 | Q83: 0 | S83: =SUM(M83:Q83) -> 12.8 | T83: =COUNTIFS($Y:$Y, Y83, $S:$S, ">"&S83) + 1 -> 52 | U83: =0.85*E83+T83*0.15 -> 80.9 | V83: =100.4-0.4*W83 -> 67.6 | W83: =COUNTIFS($Y:$Y, Y83, $U:$U, "<"&U83) + 1 -> 82 | X83: 95 | Y83: 车辆工程
A84: 83 | B84: 1120231284 | C84: 石晋硕 | D84: =VLOOKUP([1]成绩单!B82,[1]Sheet1!$A:$K,4,0) -> 精工2311 | E84: 81 | F84: 0.852632 | G84: 78.5321 | H84: 61 | I84: 132.5 | J84: 2 | K84: 1 | L84: 是 | M84: 1.6 | N84: 1.2 | O84: 0.35 | P84: 0.4 | Q84: 0 | S84: =SUM(M84:Q84) -> 3.55 | T84: =COUNTIFS($Y:$Y, Y84, $S:$S, ">"&S84) + 1 -> 84 | U84: =0.85*E84+T84*0.15 -> 81.45 | V84: =100.4-0.4*W84 -> 67.2 | W84: =COUNTIFS($Y:$Y, Y84, $U:$U, "<"&U84) + 1 -> 83 | X84: 95 | Y84: 车辆工程
A85: 84 | B85: 1120232899 | C85: 邓迦 | D85: =VLOOKUP([1]成绩单!B81,[1]Sheet1!$A:$K,4,0) -> 精工2312 | E85: 80 | F85: 0.842105 | G85: 78.8938 | H85: 63 | I85: 136.5 | J85: 1 | K85: 1 | L85: 是 | M85: 0.3 | N85: 0 | O85: 0.5 | P85: 0 | Q85: 0 | S85: =SUM(M85:Q85) -> 0.8 | T85: =COUNTIFS($Y:$Y, Y85, $S:$S, ">"&S85) + 1 -> 91 | U85: =0.85*E85+T85*0.15 -> 81.65 | V85: =100.4-0.4*W85 -> 66.8 | W85: =COUNTIFS($Y:$Y, Y85, $U:$U, "<"&U85) + 1 -> 84 | X85: 95 | Y85: 车辆工程
A86: 85 | B86: 1120230987 | C86: 陈奕 | D86: =VLOOKUP([1]成绩单!B83,[1]Sheet1!$A:$K,4,0) -> 精工2312 | E86: 82 | F86: 0.863158 | G86: 78.3643 | H86: 62 | I86: 134.5 | J86: 2 | K86: 2 | L86: 是 | M86: 0.75 | N86: 2.5 | O86: 1 | P86: 0.5 | Q86: 0 | S86: =SUM(M86:Q86) -> 4.75 | T86: =COUNTIFS($Y:$Y, Y86, $S:$S, ">"&S86) + 1 -> 81 | U86: =0.85*E86+T86*0.15 -> 81.85 | V86: =100.4-0.4*W86 -> 66.4 | W86: =COUNTIFS($Y:$Y, Y86, $U:$U, "<"&U86) + 1 -> 85 | X86: 95 | Y86: 车辆工程
A87: 86 | B87: 1120232503 | C87: 王耀 | D87: =VLOOKUP([1]成绩单!B85,[1]Sheet1!$A:$K,4,0) -> 精工2312 | E87: 84 | F87: 0.884211 | G87: 77.1506 | H87: 62 | I87: 134.5 | J87: 1 | K87: 1 | L87: 是 | M87: 0.4 | N87: 1.5 | O87: 2 | P87: 1.75 | Q87: 2 | S87: =SUM(M87:Q87) -> 7.65 | T87: =COUNTIFS($Y:$Y, Y87, $S:$S, ">"&S87) + 1 -> 73 | U87: =0.85*E87+T87*0.15 -> 82.35 | V87: =100.4-0.4*W87 -> 66 | W87: =COUNTIFS($Y:$Y, Y87, $U:$U, "<"&U87) + 1 -> 86 | X87: 95 | Y87: 车辆工程
A88: 87 | B88: 1120230372 | C88: 袁博 | D88: =VLOOKUP([1]成绩单!B88,[1]Sheet1!$A:$K,4,0) -> 精工2312 | E88: 87 | F88: 0.915789 | G88: 76.0226 | H88: 61 | I88: 132.5 | J88: 1 | K88: 0 | L88: 是 | M88: 3.4 | N88: 3 | O88: 2.3 | P88: 2 | Q88: 1.8 | S88: =SUM(M88:Q88) -> 12.5 | T88: =COUNTIFS($Y:$Y, Y88, $S:$S, ">"&S88) + 1 -> 56 | U88: =0.85*E88+T88*0.15 -> 82.35 | V88: =100.4-0.4*W88 -> 66 | W88: =COUNTIFS($Y:$Y, Y88, $U:$U, "<"&U88) + 1 -> 86 | X88: 95 | Y88: 车辆工程
A89: 88 | B89: 1120230996 | C89: 李煜纯 | D89: =VLOOKUP([1]成绩单!B91,[1]Sheet1!$A:$K,4,0) -> 精工2313 | E89: 90 | F89: 0.947368 | G89: 73.9436 | H89: 64 | I89: 137.5 | J89: 2 | K89: 1 | L89: 是 | M89: 1.5 | N89: 1.2 | O89: 1.2 | P89: 1.7 | Q89: 1.2 | S89: =SUM(M89:Q89) -> 6.8 | T89: =COUNTIFS($Y:$Y, Y89, $S:$S, ">"&S89) + 1 -> 76 | U89: =0.85*E89+T89*0.15 -> 87.9 | V89: =100.4-0.4*W89 -> 65.2 | W89: =COUNTIFS($Y:$Y, Y89, $U:$U, "<"&U89) + 1 -> 88 | X89: 95 | Y89: 车辆工程
A90: 89 | B90: 1120231436 | C90: 王世堃 | D90: =VLOOKUP([1]成绩单!B90,[1]Sheet1!$A:$K,4,0) -> 精工2312 | E90: 89 | F90: 0.936842 | G90: 73.9721 | H90: 62 | I90: 134.5 | J90: 3 | K90: 1 | L90: 是 | M90: 0 | N90: 0 | O90: 1.5 | P90: 1 | Q90: 0.9 | S90: =SUM(M90:Q90) -> 3.4 | T90: =COUNTIFS($Y:$Y, Y90, $S:$S, ">"&S90) + 1 -> 85 | U90: =0.85*E90+T90*0.15 -> 88.4 | V90: =100.4-0.4*W90 -> 64.8 | W90: =COUNTIFS($Y:$Y, Y90, $U:$U, "<"&U90) + 1 -> 89 | X90: 95 | Y90: 车辆工程
A91: 90 | B91: 1120232506 | C91: 代德睿 | D91: =VLOOKUP([1]成绩单!B89,[1]Sheet1!$A:$K,4,0) -> 精工2310 | E91: 88 | F91: 0.926316 | G91: 75.0196 | H91: 65 | I91: 140 | J91: 1 | K91: 1 | L91: 是 | M91: 0 | N91: 0 | O91: 0 | P91: -0.5 | Q91: 0 | S91: =SUM(M91:Q91) -> -0.5 | T91: =COUNTIFS($Y:$Y, Y91, $S:$S, ">"&S91) + 1 -> 95 | U91: =0.85*E91+T91*0.15 -> 89.05 | V91: =100.4-0.4*W91 -> 64.4 | W91: =COUNTIFS($Y:$Y, Y91, $U:$U, "<"&U91) + 1 -> 90 | X91: 95 | Y91: 车辆工程
A92: 91 | B92: 1120231009 | C92: 陈高中 | D92: =VLOOKUP([1]成绩单!B95,[1]Sheet1!$A:$K,4,0) -> 精工2312 | E92: 94 | F92: 0.989474 | G92: 72.3962 | H92: 61 | I92: 132.5 | J92: 4 | K92: 4 | L92: 是 | M92: 3.65 | N92: 2.2 | O92: 2 | P92: 0.2 | Q92: 0.2 | S92: =SUM(M92:Q92) -> 8.25 | T92: =COUNTIFS($Y:$Y, Y92, $S:$S, ">"&S92) + 1 -> 71 | U92: =0.85*E92+T92*0.15 -> 90.55 | V92: =100.4-0.4*W92 -> 64 | W92: =COUNTIFS($Y:$Y, Y92, $U:$U, "<"&U92) + 1 -> 91 | X92: 95 | Y92: 车辆工程
A93: 92 | B93: 1120232896 | C93: 左俊弈 | D93: =VLOOKUP([1]成绩单!B92,[1]Sheet1!$A:$K,4,0) -> 精工2313 | E93: 91 | F93: 0.957895 | G93: 73.6447 | H93: 63 | I93: 136.5 | J93: 2 | K93: 0 | L93: 是 | M93: 1 | N93: 1 | O93: 0 | P93: 0 | Q93: 0 | S93: =SUM(M93:Q93) -> 2 | T93: =COUNTIFS($Y:$Y, Y93, $S:$S, ">"&S93) + 1 -> 89 | U93: =0.85*E93+T93*0.15 -> 90.7 | V93: =100.4-0.4*W93 -> 63.6 | W93: =COUNTIFS($Y:$Y, Y93, $U:$U, "<"&U93) + 1 -> 92 | X93: 95 | Y93: 车辆工程
A94: 93 | B94: 1120232205 | C94: 陈鹏宇 | D94: =VLOOKUP([1]成绩单!B93,[1]Sheet1!$A:$K,4,0) -> 精工2313 | E94: 92 | F94: 0.968421 | G94: 72.6283 | H94: 61 | I94: 132.5 | J94: 3 | K94: 2 | L94: 是 | M94: 0.2 | N94: 0.2 | O94: 0.2 | P94: 0.7 | Q94: 0.2 | S94: =SUM(M94:Q94) -> 1.5 | T94: =COUNTIFS($Y:$Y, Y94, $S:$S, ">"&S94) + 1 -> 90 | U94: =0.85*E94+T94*0.15 -> 91.7 | V94: =100.4-0.4*W94 -> 63.2 | W94: =COUNTIFS($Y:$Y, Y94, $U:$U, "<"&U94) + 1 -> 93 | X94: 95 | Y94: 车辆工程
A95: 94 | B95: 1120230829 | C95: 张亿楠 | D95: =VLOOKUP([1]成绩单!B94,[1]Sheet1!$A:$K,4,0) -> 精工2310 | E95: 93 | F95: 0.978947 | G95: 72.4679 | H95: 61 | I95: 132.5 | J95: 3 | K95: 1 | L95: 是 | M95: 0 | N95: -0.5 | O95: 1.6 | P95: 0.6 | Q95: 1 | S95: =SUM(M95:Q95) -> 2.7 | T95: =COUNTIFS($Y:$Y, Y95, $S:$S, ">"&S95) + 1 -> 86 | U95: =0.85*E95+T95*0.15 -> 91.95 | V95: =100.4-0.4*W95 -> 62.8 | W95: =COUNTIFS($Y:$Y, Y95, $U:$U, "<"&U95) + 1 -> 94 | X95: 95 | Y95: 车辆工程
A96: 95 | B96: 1120231003 | C96: 傅柏翰 | D96: =VLOOKUP([1]成绩单!B96,[1]Sheet1!$A:$K,4,0) -> 精工2311 | E96: 95 | F96: 1 | G96: 58.6733 | H96: 64 | I96: 138.5 | J96: 13 | K96: 6 | L96: 是 | M96: 0.3 | N96: 1 | O96: 2 | P96: 1.2 | Q96: 1.1 | S96: =SUM(M96:Q96) -> 5.6 | T96: =COUNTIFS($Y:$Y, Y96, $S:$S, ">"&S96) + 1 -> 77 | U96: =0.85*E96+T96*0.15 -> 92.3 | V96: =100.4-0.4*W96 -> 62.4 | W96: =COUNTIFS($Y:$Y, Y96, $U:$U, "<"&U96) + 1 -> 95 | X96: 95 | Y96: 车辆工程

Sheet 工业工程
A1: 序号 | B1: 学号 | C1: 姓名 | D1: 班级 | E1: 课程成绩 本专业名 次 | F1: 课程成绩本 专业排名百 分比 | G1: 课程成绩计算结果 | H1: 纳入计算 的课程数 | I1: 纳入计算课程 获得总学分 | J1: 不及格课 程门数 | K1: 不及格课 程已通过 门数 | L1: 是否通过全 国大学英语 四级 | M1: 第1学期其他表现 | N1: 第2学期其他表现 | O1: 第3学期其他表现 | P1: 第4学期其他表现 | Q1: 第5学期其他表现 | R1: 第6学期其他表现 | S1: 其他表现成绩 | T1: 其他表现 排名名次 | U1: 综合成绩 | V1: 综合 成绩 | W1: 综合排名 名次 | X1: 排名 人数 | Y1: 专业 | Z1: 备注
A2: 96 | B2: 1120230267 | C2: 王国伟 | D2: =VLOOKUP([1]成绩单!B2,[1]Sheet1!$A:$K,4,0) -> 精工2310 | E2: 1 | F2: 0.034483 | G2: 89.8996 | H2: 65 | I2: 142 | J2: 0 | K2: 0 | L2: 是 | M2: 2.2 | N2: 9.2 | O2: 12.4 | P2: 15.5 | Q2: 13.5 | S2: =SUM(M2:Q2) -> 52.8 | T2: =COUNTIFS($Y:$Y, Y2, $S:$S, ">"&S2) + 1 -> 2 | U2: =0.85*E2+T2*0.15 -> 1.15 | V2: =100.4-0.4*W2 -> 100 | W2: =COUNTIFS($Y:$Y, Y2, $U:$U, "<"&U2) + 1 -> 1 | X2: 29 | Y2: 工业工程
A3: 97 | B3: 1120232496 | C3: 王瑞林 | D3: =VLOOKUP([1]成绩单!B3,[1]Sheet1!$A:$K,4,0) -> 精工2311 | E3: 2 | F3: 0.068966 | G3: 89.4679 | H3: 64 | I3: 140 | J3: 0 | K3: 0 | L3: 是 | M3: 2.2 | N3: 6.8 | O3: 14.1 | P3: 10.5 | Q3: 23.35 | S3: =SUM(M3:Q3) -> 56.95 | T3: =COUNTIFS($Y:$Y, Y3, $S:$S, ">"&S3) + 1 -> 1 | U3: =0.85*E3+T3*0.15 -> 1.85 | V3: =100.4-0.4*W3 -> 99.6 | W3: =COUNTIFS($Y:$Y, Y3, $U:$U, "<"&U3) + 1 -> 2 | X3: 29 | Y3: 工业工程
A4: 98 | B4: 1120231274 | C4: 王雨函 | D4: =VLOOKUP([1]成绩单!B4,[1]Sheet1!$A:$K,4,0) -> 精工2310 | E4: 3 | F4: 0.103448 | G4: 89.3982 | H4: 64 | I4: 140 | J4: 0 | K4: 0 | L4: 是 | M4: 1.8 | N4: 1 | O4: 4.3 | P4: 4.7 | Q4: 3.1 | S4: =SUM(M4:Q4) -> 14.9 | T4: =COUNTIFS($Y:$Y, Y4, $S:$S, ">"&S4) + 1 -> 12 | U4: =0.85*E4+T4*0.15 -> 4.35 | V4: =100.4-0.4*W4 -> 99.2 | W4: =COUNTIFS($Y:$Y, Y4, $U:$U, "<"&U4) + 1 -> 3 | X4: 29 | Y4: 工业工程
A5: 99 | B5: 1120232491 | C5: 邱爽 | D5: =VLOOKUP([1]成绩单!B6,[1]Sheet1!$A:$K,4,0) -> 精工2310 | E5: 5 | F5: 0.172414 | G5: 86.6416 | H5: 65 | I5: 143 | J5: 0 | K5: 0 | L5: 是 | M5: 0.2 | N5: 1.5 | O5: 2.3 | P5: 3.5 | Q5: 7.7 | S5: =SUM(M5:Q5) -> 15.2 | T5: =COUNTIFS($Y:$Y, Y5, $S:$S, ">"&S5) + 1 -> 11 | U5: =0.85*E5+T5*0.15 -> 5.9 | V5: =100.4-0.4*W5 -> 98.8 | W5: =COUNTIFS($Y:$Y, Y5, $U:$U, "<"&U5) + 1 -> 4 | X5: 29 | Y5: 工业工程
A6: 100 | B6: 1120231266 | C6: 周小晶 | D6: =VLOOKUP([1]成绩单!B5,[1]Sheet1!$A:$K,4,0) -> 精工2311 | E6: 4 | F6: 0.137931 | G6: 87.9676 | H6: 63 | I6: 139 | J6: 0 | K6: 0 | L6: 是 | M6: 0.56 | N6: 0.3 | O6: 1 | P6: 1.3 | Q6: 5 | S6: =SUM(M6:Q6) -> 8.16 | T6: =COUNTIFS($Y:$Y, Y6, $S:$S, ">"&S6) + 1 -> 18 | U6: =0.85*E6+T6*0.15 -> 6.1 | V6: =100.4-0.4*W6 -> 98.4 | W6: =COUNTIFS($Y:$Y, Y6, $U:$U, "<"&U6) + 1 -> 5 | X6: 29 | Y6: 工业工程
A7: 101 | B7: 1120231446 | C7: 刘繁冶 | D7: =VLOOKUP([1]成绩单!B7,[1]Sheet1!$A:$K,4,0) -> 精工2312 | E7: 6 | F7: 0.206897 | G7: 86.3165 | H7: 63 | I7: 139 | J7: 0 | K7: 0 | L7: 是 | M7: 3.5 | N7: 3.5 | O7: 3.6 | P7: 3.2 | Q7: 8.3 | S7: =SUM(M7:Q7) -> 22.1 | T7: =COUNTIFS($Y:$Y, Y7, $S:$S, ">"&S7) + 1 -> 9 | U7: =0.85*E7+T7*0.15 -> 6.45 | V7: =100.4-0.4*W7 -> 98 | W7: =COUNTIFS($Y:$Y, Y7, $U:$U, "<"&U7) + 1 -> 6 | X7: 29 | Y7: 工业工程
A8: 102 | B8: 1120231653 | C8: 李金霖 | D8: =VLOOKUP([1]成绩单!B8,[1]Sheet1!$A:$K,4,0) -> 精工2313 | E8: 7 | F8: 0.241379 | G8: 86.1968 | H8: 64 | I8: 141 | J8: 0 | K8: 0 | L8: 是 | M8: 2.35 | N8: 3 | O8: 10 | P8: 16 | Q8: 15.4 | S8: =SUM(M8:Q8) -> 46.75 | T8: =COUNTIFS($Y:$Y, Y8, $S:$S, ">"&S8) + 1 -> 4 | U8: =0.85*E8+T8*0.15 -> 6.55 | V8: =100.4-0.4*W8 -> 97.6 | W8: =COUNTIFS($Y:$Y, Y8, $U:$U, "<"&U8) + 1 -> 7 | X8: 29 | Y8: 工业工程
A9: 103 | B9: 1120232492 | C9: 雷濠远 | D9: =VLOOKUP([1]成绩单!B9,[1]Sheet1!$A:$K,4,0) -> 精工2311 | E9: 8 | F9: 0.275862 | G9: 85.5411 | H9: 64 | I9: 140 | J9: 0 | K9: 0 | L9: 是 | M9: 4.4 | N9: 5.9 | O9: 14.5 | P9: 14.9 | Q9: 10.2 | S9: =SUM(M9:Q9) -> 49.9 | T9: =COUNTIFS($Y:$Y, Y9, $S:$S, ">"&S9) + 1 -> 3 | U9: =0.85*E9+T9*0.15 -> 7.25 | V9: =100.4-0.4*W9 -> 97.2 | W9: =COUNTIFS($Y:$Y, Y9, $U:$U, "<"&U9) + 1 -> 8 | X9: 29 | Y9: 工业工程
A10: 104 | B10: 1120231447 | C10: 唐瑞晗 | D10: =VLOOKUP([1]成绩单!B10,[1]Sheet1!$A:$K,4,0) -> 精工2312 | E10: 9 | F10: 0.310345 | G10: 85.4518 | H10: 64 | I10: 140 | J10: 0 | K10: 0 | L10: 是 | M10: 1.9 | N10: 2.7 | O10: 7.5 | P10: 7.18 | Q10: 10.7 | S10: =SUM(M10:Q10) -> 29.98 | T10: =COUNTIFS($Y:$Y, Y10, $S:$S, ">"&S10) + 1 -> 7 | U10: =0.85*E10+T10*0.15 -> 8.7 | V10: =100.4-0.4*W10 -> 96.8 | W10: =COUNTIFS($Y:$Y, Y10, $U:$U, "<"&U10) + 1 -> 9 | X10: 29 | Y10: 工业工程
A11: 105 | B11: 1120231420 | C11: 张家溢 | D11: =VLOOKUP([1]成绩单!B11,[1]Sheet1!$A:$K,4,0) -> 精工2311 | E11: 10 | F11: 0.344828 | G11: 83.9661 | H11: 64 | I11: 140 | J11: 0 | K11: 0 | L11: 是 | M11: 5.4 | N11: 5.8 | O11: 8.1 | P11: 9 | Q11: 13.5 | S11: =SUM(M11:Q11) -> 41.8 | T11: =COUNTIFS($Y:$Y, Y11, $S:$S, ">"&S11) + 1 -> 5 | U11: =0.85*E11+T11*0.15 -> 9.25 | V11: =100.4-0.4*W11 -> 96.4 | W11: =COUNTIFS($Y:$Y, Y11, $U:$U, "<"&U11) + 1 -> 10 | X11: 29 | Y11: 工业工程
A12: 106 | B12: 1120233369 | C12: 吴天宇 | D12: =VLOOKUP([1]成绩单!B12,[1]Sheet1!$A:$K,4,0) -> 精工2312 | E12: 11 | F12: 0.37931 | G12: 83.0142 | H12: 65 | I12: 141.25 | J12: 0 | K12: 0 | L12: 是 | M12: 0.8 | N12: 0.55 | O12: 0.9 | P12: 0.95 | Q12: 6.6 | S12: =SUM(M12:Q12) -> 9.8 | T12: =COUNTIFS($Y:$Y, Y12, $S:$S, ">"&S12) + 1 -> 17 | U12: =0.85*E12+T12*0.15 -> 11.9 | V12: =100.4-0.4*W12 -> 96 | W12: =COUNTIFS($Y:$Y, Y12, $U:$U, "<"&U12) + 1 -> 11 | X12: 29 | Y12: 工业工程
A13: 107 | B13: 1120231317 | C13: 陈彦元 | D13: =VLOOKUP([1]成绩单!B14,[1]Sheet1!$A:$K,4,0) -> 精工2313 | E13: 13 | F13: 0.448276 | G13: 82.2196 | H13: 63 | I13: 140 | J13: 0 | K13: 0 | L13: 是 | M13: 6.5 | N13: 5.74 | O13: 6.3 | P13: 5.3 | Q13: 6.2 | S13: =SUM(M13:Q13) -> 30.04 | T13: =COUNTIFS($Y:$Y, Y13, $S:$S, ">"&S13) + 1 -> 6 | U13: =0.85*E13+T13*0.15 -> 11.95 | V13: =100.4-0.4*W13 -> 95.6 | W13: =COUNTIFS($Y:$Y, Y13, $U:$U, "<"&U13) + 1 -> 12 | X13: 29 | Y13: 工业工程
A14: 108 | B14: 1120233024 | C14: 张明月 | D14: =VLOOKUP([1]成绩单!B13,[1]Sheet1!$A:$K,4,0) -> 精工2313 | E14: 12 | F14: 0.413793 | G14: 82.7021 | H14: 64 | I14: 141 | J14: 1 | K14: 1 | L14: 是 | M14: 0.35 | N14: 1.8 | O14: 3 | P14: 3 | Q14: 3 | S14: =SUM(M14:Q14) -> 11.15 | T14: =COUNTIFS($Y:$Y, Y14, $S:$S, ">"&S14) + 1 -> 13 | U14: =0.85*E14+T14*0.15 -> 12.15 | V14: =100.4-0.4*W14 -> 95.2 | W14: =COUNTIFS($Y:$Y, Y14, $U:$U, "<"&U14) + 1 -> 13 | X14: 29 | Y14: 工业工程
A15: 109 | B15: 1120232209 | C15: 张美鑫 | D15: =VLOOKUP([1]成绩单!B16,[1]Sheet1!$A:$K,4,0) -> 精工2310 | E15: 15 | F15: 0.517241 | G15: 78.9696 | H15: 64 | I15: 140 | J15: 1 | K15: 1 | L15: 是 | M15: 2.4 | N15: 4.4 | O15: 6.3 | P15: 7.8 | Q15: 6.5 | S15: =SUM(M15:Q15) -> 27.4 | T15: =COUNTIFS($Y:$Y, Y15, $S:$S, ">"&S15) + 1 -> 8 | U15: =0.85*E15+T15*0.15 -> 13.95 | V15: =100.4-0.4*W15 -> 94.8 | W15: =COUNTIFS($Y:$Y, Y15, $U:$U, "<"&U15) + 1 -> 14 | X15: 29 | Y15: 工业工程
A16: 110 | B16: 1120232288 | C16: 刘劲菘 | D16: =VLOOKUP([1]成绩单!B15,[1]Sheet1!$A:$K,4,0) -> 精工2311 | E16: 14 | F16: 0.482759 | G16: 80.283 | H16: 65 | I16: 142.25 | J16: 1 | K16: 1 | L16: 是 | M16: 0 | N16: 0.3 | O16: 1.9 | P16: 1.15 | Q16: 1.4 | S16: =SUM(M16:Q16) -> 4.75 | T16: =COUNTIFS($Y:$Y, Y16, $S:$S, ">"&S16) + 1 -> 21 | U16: =0.85*E16+T16*0.15 -> 15.05 | V16: =100.4-0.4*W16 -> 94.4 | W16: =COUNTIFS($Y:$Y, Y16, $U:$U, "<"&U16) + 1 -> 15 | X16: 29 | Y16: 工业工程
A17: 111 | B17: 1120231018 | C17: 袁威 | D17: =VLOOKUP([1]成绩单!B17,[1]Sheet1!$A:$K,4,0) -> 精工2313 | E17: 16 | F17: 0.551724 | G17: 76.7266 | H17: 63 | I17: 139 | J17: 2 | K17: 2 | L17: 是 | M17: 0 | N17: 1.75 | O17: 1 | P17: 1 | Q17: 1 | S17: =SUM(M17:Q17) -> 4.75 | T17: =COUNTIFS($Y:$Y, Y17, $S:$S, ">"&S17) + 1 -> 21 | U17: =0.85*E17+T17*0.15 -> 16.75 | V17: =100.4-0.4*W17 -> 94 | W17: =COUNTIFS($Y:$Y, Y17, $U:$U, "<"&U17) + 1 -> 16 | X17: 29 | Y17: 工业工程
A18: 112 | B18: 1120231418 | C18: 李鹏 | D18: =VLOOKUP([1]成绩单!B19,[1]Sheet1!$A:$K,4,0) -> 精工2311 | E18: 18 | F18: 0.62069 | G18: 75.0414 | H18: 63 | I18: 139 | J18: 1 | K18: 1 | L18: 是 | M18: 3.9 | N18: 5.1 | O18: 0 | P18: 1.4 | Q18: 0 | S18: =SUM(M18:Q18) -> 10.4 | T18: =COUNTIFS($Y:$Y, Y18, $S:$S, ">"&S18) + 1 -> 15 | U18: =0.85*E18+T18*0.15 -> 17.55 | V18: =100.4-0.4*W18 -> 93.6 | W18: =COUNTIFS($Y:$Y, Y18, $U:$U, "<"&U18) + 1 -> 17 | X18: 29 | Y18: 工业工程
A19: 113 | B19: 1120232915 | C19: 李凌杰 | D19: =VLOOKUP([1]成绩单!B18,[1]Sheet1!$A:$K,4,0) -> 精工2311 | E19: 17 | F19: 0.586207 | G19: 76.7156 | H19: 63 | I19: 138 | J19: 1 | K19: 0 | L19: 是 | M19: 0 | N19: 0 | O19: 0 | P19: 0 | Q19: 0 | S19: =SUM(M19:Q19) -> 0 | T19: =COUNTIFS($Y:$Y, Y19, $S:$S, ">"&S19) + 1 -> 24 | U19: =0.85*E19+T19*0.15 -> 18.05 | V19: =100.4-0.4*W19 -> 93.2 | W19: =COUNTIFS($Y:$Y, Y19, $U:$U, "<"&U19) + 1 -> 18 | X19: 29 | Y19: 工业工程
A20: 114 | B20: 1120231013 | C20: 舒妍妍 | D20: =VLOOKUP([1]成绩单!B21,[1]Sheet1!$A:$K,4,0) -> 精工2313 | E20: 20 | F20: 0.689655 | G20: 74.2756 | H20: 66 | I20: 144.25 | J20: 2 | K20: 2 | L20: 是 | M20: 0.5 | N20: -0.175 | O20: 0.55 | P20: 4 | Q20: 0 | S20: =SUM(M20:Q20) -> 4.875 | T20: =COUNTIFS($Y:$Y, Y20, $S:$S, ">"&S20) + 1 -> 20 | U20: =0.85*E20+T20*0.15 -> 20 | V20: =100.4-0.4*W20 -> 92.8 | W20: =COUNTIFS($Y:$Y, Y20, $U:$U, "<"&U20) + 1 -> 19 | X20: 29 | Y20: 工业工程
A21: 115 | B21: 1120234021 | C21: 鄭凱文 | D21: =VLOOKUP([1]成绩单!B23,[1]Sheet1!$A:$K,4,0) -> 精工2312 | E21: 22 | F21: 0.758621 | G21: 69.8282 | H21: 62 | I21: 138.25 | J21: 4 | K21: 2 | L21: 否 | M21: 3.5 | N21: 2.8 | O21: 3.5 | P21: 4.8 | Q21: 1.8 | S21: =SUM(M21:Q21) -> 16.4 | T21: =COUNTIFS($Y:$Y, Y21, $S:$S, ">"&S21) + 1 -> 10 | U21: =0.85*E21+T21*0.15 -> 20.2 | V21: =100.4-0.4*W21 -> 92.4 | W21: =COUNTIFS($Y:$Y, Y21, $U:$U, "<"&U21) + 1 -> 20 | X21: 29 | Y21: 工业工程
A22: 116 | B22: 1120231282 | C22: 刘顺钦 | D22: =VLOOKUP([1]成绩单!B20,[1]Sheet1!$A:$K,4,0) -> 精工2312 | E22: 19 | F22: 0.655172 | G22: 74.8975 | H22: 64 | I22: 139 | J22: 1 | K22: 1 | L22: 是 | M22: 0 | N22: -0.5 | O22: 0 | P22: 0 | Q22: 0 | S22: =SUM(M22:Q22) -> -0.5 | T22: =COUNTIFS($Y:$Y, Y22, $S:$S, ">"&S22) + 1 -> 28 | U22: =0.85*E22+T22*0.15 -> 20.35 | V22: =100.4-0.4*W22 -> 92 | W22: =COUNTIFS($Y:$Y, Y22, $U:$U, "<"&U22) + 1 -> 21 | X22: 29 | Y22: 工业工程
A23: 117 | B23: 1120232212 | C23: 严远昱 | D23: =VLOOKUP([1]成绩单!B22,[1]Sheet1!$A:$K,4,0) -> 精工2310 | E23: 21 | F23: 0.724138 | G23: 73.063 | H23: 60 | I23: 135 | J23: 1 | K23: 0 | L23: 是 | M23: 0.3 | N23: -0.5 | O23: 0 | P23: -1.5 | Q23: 0 | S23: =SUM(M23:Q23) -> -1.7 | T23: =COUNTIFS($Y:$Y, Y23, $S:$S, ">"&S23) + 1 -> 29 | U23: =0.85*E23+T23*0.15 -> 22.2 | V23: =100.4-0.4*W23 -> 91.6 | W23: =COUNTIFS($Y:$Y, Y23, $U:$U, "<"&U23) + 1 -> 22 | X23: 29 | Y23: 工业工程
A24: 118 | B24: 1120232754 | C24: 罗勋康 | D24: =VLOOKUP([1]成绩单!B24,[1]Sheet1!$A:$K,4,0) -> 精工2312 | E24: 23 | F24: 0.793103 | G24: 68.3393 | H24: 64 | I24: 140 | J24: 6 | K24: 3 | L24: 是 | M24: 0 | N24: 3.65 | O24: 0 | P24: -0.5 | Q24: 2.2 | S24: =SUM(M24:Q24) -> 5.35 | T24: =COUNTIFS($Y:$Y, Y24, $S:$S, ">"&S24) + 1 -> 19 | U24: =0.85*E24+T24*0.15 -> 22.4 | V24: =100.4-0.4*W24 -> 91.2 | W24: =COUNTIFS($Y:$Y, Y24, $U:$U, "<"&U24) + 1 -> 23 | X24: 29 | Y24: 工业工程
A25: 119 | B25: 1120231434 | C25: 谢佳铭 | D25: =VLOOKUP([1]成绩单!B25,[1]Sheet1!$A:$K,4,0) -> 精工2312 | E25: 24 | F25: 0.827586 | G25: 67.2196 | H25: 64 | I25: 140 | J25: 4 | K25: 2 | L25: 是 | M25: 1 | N25: 1.3 | O25: 3 | P25: 2 | Q25: 3.5 | S25: =SUM(M25:Q25) -> 10.8 | T25: =COUNTIFS($Y:$Y, Y25, $S:$S, ">"&S25) + 1 -> 14 | U25: =0.85*E25+T25*0.15 -> 22.5 | V25: =100.4-0.4*W25 -> 90.8 | W25: =COUNTIFS($Y:$Y, Y25, $U:$U, "<"&U25) + 1 -> 24 | X25: 29 | Y25: 工业工程
A26: 120 | B26: 1120230740 | C26: 张佳昊 | D26: =VLOOKUP([1]成绩单!B26,[1]Sheet1!$A:$K,4,0) -> 精工2311 | E26: 25 | F26: 0.862069 | G26: 65.991 | H26: 63 | I26: 139 | J26: 6 | K26: 2 | L26: 是 | M26: 0.9 | N26: 1.4 | O26: 0.2 | P26: 0.2 | Q26: 1 | S26: =SUM(M26:Q26) -> 3.7 | T26: =COUNTIFS($Y:$Y, Y26, $S:$S, ">"&S26) + 1 -> 23 | U26: =0.85*E26+T26*0.15 -> 24.7 | V26: =100.4-0.4*W26 -> 90.4 | W26: =COUNTIFS($Y:$Y, Y26, $U:$U, "<"&U26) + 1 -> 25 | X26: 29 | Y26: 工业工程
A27: 121 | B27: 1120222858 | C27: 田雨清 | D27: =VLOOKUP([1]成绩单!B27,[1]Sheet1!$A:$K,4,0) -> 精工2312 | E27: 26 | F27: 0.896552 | G27: 65.6825 | H27: 62 | I27: 137 | J27: 6 | K27: 5 | L27: 是 | M27: 0 | N27: 0 | O27: 0 | P27: 0 | Q27: 0 | S27: =SUM(M27:Q27) -> 0 | T27: =COUNTIFS($Y:$Y, Y27, $S:$S, ">"&S27) + 1 -> 24 | U27: =0.85*E27+T27*0.15 -> 25.7 | V27: =100.4-0.4*W27 -> 90 | W27: =COUNTIFS($Y:$Y, Y27, $U:$U, "<"&U27) + 1 -> 26 | X27: 29 | Y27: 工业工程
A28: 122 | B28: 1120234031 | C28: 郭佳 | D28: =VLOOKUP([1]成绩单!B29,[1]Sheet1!$A:$K,4,0) -> 精工2312 | E28: 28 | F28: 0.965517 | G28: 62.0928 | H28: 61 | I28: 132 | J28: 8 | K28: 2 | L28: 否 | M28: 2.7 | N28: 2.5 | O28: 1.7 | P28: 2.2 | Q28: 1 | S28: =SUM(M28:Q28) -> 10.1 | T28: =COUNTIFS($Y:$Y, Y28, $S:$S, ">"&S28) + 1 -> 16 | U28: =0.85*E28+T28*0.15 -> 26.2 | V28: =100.4-0.4*W28 -> 89.6 | W28: =COUNTIFS($Y:$Y, Y28, $U:$U, "<"&U28) + 1 -> 27 | X28: 29 | Y28: 工业工程
A29: 123 | B29: 1120220682 | C29: 代兵 | D29: =VLOOKUP([1]成绩单!B28,[1]Sheet1!$A:$K,4,0) -> 精工2313 | E29: 27 | F29: 0.931034 | G29: 64.0482 | H29: 63 | I29: 140 | J29: 7 | K29: 6 | L29: 是 | M29: 0 | N29: 0 | O29: 0 | P29: 0 | Q29: 0 | S29: =SUM(M29:Q29) -> 0 | T29: =COUNTIFS($Y:$Y, Y29, $S:$S, ">"&S29) + 1 -> 24 | U29: =0.85*E29+T29*0.15 -> 26.55 | V29: =100.4-0.4*W29 -> 89.2 | W29: =COUNTIFS($Y:$Y, Y29, $U:$U, "<"&U29) + 1 -> 28 | X29: 29 | Y29: 工业工程
A30: 124 | B30: 1120223682 | C30: 范泽暄 | D30: =VLOOKUP([1]成绩单!B30,[1]Sheet1!$A:$K,4,0) -> 精工2310 | E30: 29 | F30: 1 | G30: 57.2161 | H30: 64 | I30: 140 | J30: 12 | K30: 12 | L30: 是 | M30: 0 | N30: 0 | O30: 0 | P30: 0 | Q30: 0 | S30: =SUM(M30:Q30) -> 0 | T30: =COUNTIFS($Y:$Y, Y30, $S:$S, ">"&S30) + 1 -> 24 | U30: =0.85*E30+T30*0.15 -> 28.25 | V30: =100.4-0.4*W30 -> 88.8 | W30: =COUNTIFS($Y:$Y, Y30, $U:$U, "<"&U30) + 1 -> 29 | X30: 29 | Y30: 工业工程

Sheet 机械工程
A1: 序号 | B1: 学号 | C1: 姓名 | D1: 班级 | E1: 课程成绩 本专业名 次 | F1: 课程成绩本 专业排名百 分比 | G1: 课程成绩计算结果 | H1: 纳入计算 的课程数 | I1: 纳入计算课程 获得总学分 | J1: 不及格课 程门数 | K1: 不及格课 程已通过 门数 | L1: 是否通过全 国大学英语 四级 | M1: 第1学期其他表现 | N1: 第2学期其他表现 | O1: 第3学期其他表现 | P1: 第4学期其他表现 | Q1: 第5学期其他表现 | R1: 第6学期其他表现 | S1: 其他表现成绩 | T1: 其他表现 排名名次 | U1: 综合成绩 | V1: 综合 成绩 | W1: 综合排名 名次 | X1: 排名 人数 | Y1: 专业 | Z1: 备注
A2: 125 | B2: 1120230742 | C2: 洪小雨 | D2: =VLOOKUP([1]成绩单!B2,[1]Sheet1!$A:$K,4,0) -> 精工2310 | E2: 1 | F2: 0.011236 | G2: 93.2647 | H2: 60 | I2: 136 | J2: 0 | K2: 0 | L2: 是 | M2: 5 | N2: 5.7 | O2: 7.5 | P2: 14.1 | Q2: 18.3 | S2: =SUM(M2:Q2) -> 50.6 | T2: =COUNTIFS($Y:$Y, Y2, $S:$S, ">"&S2) + 1 -> 4 | U2: =0.85*E2+T2*0.15 -> 1.45 | V2: =100.4-0.4*W2 -> 100 | W2: =COUNTIFS($Y:$Y, Y2, $U:$U, "<"&U2) + 1 -> 1 | X2: 89 | Y2: 机械工程
A3: 126 | B3: 1120231263 | C3: 唐邱扬 | D3: =VLOOKUP([1]成绩单!B4,[1]Sheet1!$A:$K,4,0) -> 精工2310 | E3: 3 | F3: 0.033708 | G3: 92.3346 | H3: 60 | I3: 136 | J3: 0 | K3: 0 | L3: 是 | M3: 4.7 | N3: 5.54 | O3: 17.8 | P3: 20.2 | Q3: 24.9 | S3: =SUM(M3:Q3) -> 73.14 | T3: =COUNTIFS($Y:$Y, Y3, $S:$S, ">"&S3) + 1 -> 3 | U3: =0.85*E3+T3*0.15 -> 3 | V3: =100.4-0.4*W3 -> 99.6 | W3: =COUNTIFS($Y:$Y, Y3, $U:$U, "<"&U3) + 1 -> 2 | X3: 89 | Y3: 机械工程
A4: 127 | B4: 1120233384 | C4: 李宏博 | D4: =VLOOKUP([1]成绩单!B3,[1]Sheet1!$A:$K,4,0) -> 精工2311 | E4: 2 | F4: 0.022472 | G4: 92.4179 | H4: 61 | I4: 137 | J4: 0 | K4: 0 | L4: 是 | M4: 2.8 | N4: 4.2 | O4: 3.7 | P4: 9.8 | Q4: 11.3 | S4: =SUM(M4:Q4) -> 31.8 | T4: =COUNTIFS($Y:$Y, Y4, $S:$S, ">"&S4) + 1 -> 16 | U4: =0.85*E4+T4*0.15 -> 4.1 | V4: =100.4-0.4*W4 -> 99.2 | W4: =COUNTIFS($Y:$Y, Y4, $U:$U, "<"&U4) + 1 -> 3 | X4: 89 | Y4: 机械工程
A5: 128 | B5: 1120232488 | C5: 侯云翔 | D5: =VLOOKUP([1]成绩单!B6,[1]Sheet1!$A:$K,4,0) -> 精工2310 | E5: 5 | F5: 0.05618 | G5: 91.6738 | H5: 63 | I5: 139.5 | J5: 0 | K5: 0 | L5: 是 | M5: 5.8 | N5: 10.2 | O5: 18.4 | P5: 16.8 | Q5: 26.5 | S5: =SUM(M5:Q5) -> 77.7 | T5: =COUNTIFS($Y:$Y, Y5, $S:$S, ">"&S5) + 1 -> 2 | U5: =0.85*E5+T5*0.15 -> 4.55 | V5: =100.4-0.4*W5 -> 98.8 | W5: =COUNTIFS($Y:$Y, Y5, $U:$U, "<"&U5) + 1 -> 4 | X5: 89 | Y5: 机械工程
A6: 129 | B6: 1120232618 | C6: 刘铁彦 | D6: =VLOOKUP([1]成绩单!B7,[1]Sheet1!$A:$K,4,0) -> 精工2312 | E6: 6 | F6: 0.067416 | G6: 91.3214 | H6: 62 | I6: 140 | J6: 0 | K6: 0 | L6: 是 | M6: 8.6 | N6: 7.6 | O6: 31.9 | P6: 14.7 | Q6: 22.05 | S6: =SUM(M6:Q6) -> 84.85 | T6: =COUNTIFS($Y:$Y, Y6, $S:$S, ">"&S6) + 1 -> 1 | U6: =0.85*E6+T6*0.15 -> 5.25 | V6: =100.4-0.4*W6 -> 98.4 | W6: =COUNTIFS($Y:$Y, Y6, $U:$U, "<"&U6) + 1 -> 5 | X6: 89 | Y6: 机械工程
A7: 130 | B7: 1120232901 | C7: 林子扬 | D7: =VLOOKUP([1]成绩单!B5,[1]Sheet1!$A:$K,4,0) -> 精工2311 | E7: 4 | F7: 0.044944 | G7: 92.1606 | H7: 61 | I7: 138.5 | J7: 0 | K7: 0 | L7: 是 | M7: 2.15 | N7: 4.7 | O7: 10.3 | P7: 4.5 | Q7: 10.4 | S7: =SUM(M7:Q7) -> 32.05 | T7: =COUNTIFS($Y:$Y, Y7, $S:$S, ">"&S7) + 1 -> 14 | U7: =0.85*E7+T7*0.15 -> 5.5 | V7: =100.4-0.4*W7 -> 98 | W7: =COUNTIFS($Y:$Y, Y7, $U:$U, "<"&U7) + 1 -> 6 | X7: 89 | Y7: 机械工程
A8: 131 | B8: 1120231847 | C8: 肖凯天 | D8: =VLOOKUP([1]成绩单!B9,[1]Sheet1!$A:$K,4,0) -> 精工2311 | E8: 8 | F8: 0.089888 | G8: 90.6241 | H8: 63 | I8: 141 | J8: 0 | K8: 0 | L8: 是 | M8: 2.7 | N8: 6.2 | O8: 9.8 | P8: 6.2 | Q8: 13.6 | S8: =SUM(M8:Q8) -> 38.5 | T8: =COUNTIFS($Y:$Y, Y8, $S:$S, ">"&S8) + 1 -> 7 | U8: =0.85*E8+T8*0.15 -> 7.85 | V8: =100.4-0.4*W8 -> 97.6 | W8: =COUNTIFS($Y:$Y, Y8, $U:$U, "<"&U8) + 1 -> 7 | X8: 89 | Y8: 机械工程
A9: 132 | B9: 1120232208 | C9: 杜倩荣 | D9: =VLOOKUP([1]成绩单!B11,[1]Sheet1!$A:$K,4,0) -> 精工2311 | E9: 10 | F9: 0.11236 | G9: 90.007 | H9: 64 | I9: 143 | J9: 0 | K9: 0 | L9: 是 | M9: 4.5 | N9: 4.5 | O9: 13.7 | P9: 7.7 | Q9: 11 | S9: =SUM(M9:Q9) -> 41.4 | T9: =COUNTIFS($Y:$Y, Y9, $S:$S, ">"&S9) + 1 -> 6 | U9: =0.85*E9+T9*0.15 -> 9.4 | V9: =100.4-0.4*W9 -> 97.2 | W9: =COUNTIFS($Y:$Y, Y9, $U:$U, "<"&U9) + 1 -> 8 | X9: 89 | Y9: 机械工程
A10: 133 | B10: 1120231444 | C10: 谷沐禹 | D10: =VLOOKUP([1]成绩单!B8,[1]Sheet1!$A:$K,4,0) -> 精工2313 | E10: 7 | F10: 0.078652 | G10: 90.818 | H10: 60 | I10: 136 | J10: 0 | K10: 0 | L10: 是 | M10: 0.4 | N10: 1.5 | O10: 2.6 | P10: 5.4 | Q10: 12.4 | S10: =SUM(M10:Q10) -> 22.3 | T10: =COUNTIFS($Y:$Y, Y10, $S:$S, ">"&S10) + 1 -> 30 | U10: =0.85*E10+T10*0.15 -> 10.45 | V10: =100.4-0.4*W10 -> 96.8 | W10: =COUNTIFS($Y:$Y, Y10, $U:$U, "<"&U10) + 1 -> 9 | X10: 89 | Y10: 机械工程
A11: 134 | B11: 1120231430 | C11: 朱海 | D11: =VLOOKUP([1]成绩单!B12,[1]Sheet1!$A:$K,4,0) -> 精工2312 | E11: 11 | F11: 0.123596 | G11: 89.9069 | H11: 61 | I11: 137 | J11: 0 | K11: 0 | L11: 是 | M11: 5.5 | N11: 8.7 | O11: 3.5 | P11: 7.4 | Q11: 12.3 | S11: =SUM(M11:Q11) -> 37.4 | T11: =COUNTIFS($Y:$Y, Y11, $S:$S, ">"&S11) + 1 -> 8 | U11: =0.85*E11+T11*0.15 -> 10.55 | V11: =100.4-0.4*W11 -> 96.4 | W11: =COUNTIFS($Y:$Y, Y11, $U:$U, "<"&U11) + 1 -> 10 | X11: 89 | Y11: 机械工程
A12: 135 | B12: 1120231772 | C12: 贾智翔 | D12: =VLOOKUP([1]成绩单!B10,[1]Sheet1!$A:$K,4,0) -> 精工2312 | E12: 9 | F12: 0.101124 | G12: 90.5199 | H12: 62 | I12: 138 | J12: 0 | K12: 0 | L12: 是 | M12: 0.9 | N12: 6.7 | O12: 5.8 | P12: 3.5 | Q12: 12.5 | S12: =SUM(M12:Q12) -> 29.4 | T12: =COUNTIFS($Y:$Y, Y12, $S:$S, ">"&S12) + 1 -> 21 | U12: =0.85*E12+T12*0.15 -> 10.8 | V12: =100.4-0.4*W12 -> 96 | W12: =COUNTIFS($Y:$Y, Y12, $U:$U, "<"&U12) + 1 -> 11 | X12: 89 | Y12: 机械工程
A13: 136 | B13: 1120231023 | C13: 杨禹皓 | D13: =VLOOKUP([1]成绩单!B14,[1]Sheet1!$A:$K,4,0) -> 精工2313 | E13: 13 | F13: 0.146067 | G13: 89.4051 | H13: 61 | I13: 137 | J13: 0 | K13: 0 | L13: 是 | M13: 2.5 | N13: 4.3 | O13: 4.4 | P13: 4 | Q13: 7.3 | S13: =SUM(M13:Q13) -> 22.5 | T13: =COUNTIFS($Y:$Y, Y13, $S:$S, ">"&S13) + 1 -> 29 | U13: =0.85*E13+T13*0.15 -> 15.4 | V13: =100.4-0.4*W13 -> 95.6 | W13: =COUNTIFS($Y:$Y, Y13, $U:$U, "<"&U13) + 1 -> 12 | X13: 89 | Y13: 机械工程
A14: 137 | B14: 1120230335 | C14: 肖文博 | D14: =VLOOKUP([1]成绩单!B13,[1]Sheet1!$A:$K,4,0) -> 精工2313 | E14: 12 | F14: 0.134831 | G14: 89.4761 | H14: 61 | I14: 136 | J14: 0 | K14: 0 | L14: 是 | M14: 2 | N14: 3.2 | O14: 4.8 | P14: 8 | Q14: 2.9 | S14: =SUM(M14:Q14) -> 20.9 | T14: =COUNTIFS($Y:$Y, Y14, $S:$S, ">"&S14) + 1 -> 35 | U14: =0.85*E14+T14*0.15 -> 15.45 | V14: =100.4-0.4*W14 -> 95.2 | W14: =COUNTIFS($Y:$Y, Y14, $U:$U, "<"&U14) + 1 -> 13 | X14: 89 | Y14: 机械工程
A15: 138 | B15: 1120232611 | C15: 邹元杰 | D15: =VLOOKUP([1]成绩单!B16,[1]Sheet1!$A:$K,4,0) -> 精工2310 | E15: 15 | F15: 0.168539 | G15: 88.6107 | H15: 65 | I15: 144.5 | J15: 0 | K15: 0 | L15: 是 | M15: 0.2 | N15: 0.95 | O15: 10 | P15: 6.75 | Q15: 5.7 | S15: =SUM(M15:Q15) -> 23.6 | T15: =COUNTIFS($Y:$Y, Y15, $S:$S, ">"&S15) + 1 -> 27 | U15: =0.85*E15+T15*0.15 -> 16.8 | V15: =100.4-0.4*W15 -> 94.8 | W15: =COUNTIFS($Y:$Y, Y15, $U:$U, "<"&U15) + 1 -> 14 | X15: 89 | Y15: 机械工程
A16: 139 | B16: 1120230324 | C16: 刘俊雄 | D16: =VLOOKUP([1]成绩单!B17,[1]Sheet1!$A:$K,4,0) -> 精工2313 | E16: 16 | F16: 0.179775 | G16: 88.5702 | H16: 64 | I16: 142.5 | J16: 0 | K16: 0 | L16: 是 | M16: 2 | N16: 4.9 | O16: 3.3 | P16: 9.9 | Q16: 6.4 | S16: =SUM(M16:Q16) -> 26.5 | T16: =COUNTIFS($Y:$Y, Y16, $S:$S, ">"&S16) + 1 -> 24 | U16: =0.85*E16+T16*0.15 -> 17.2 | V16: =100.4-0.4*W16 -> 94.4 | W16: =COUNTIFS($Y:$Y, Y16, $U:$U, "<"&U16) + 1 -> 15 | X16: 89 | Y16: 机械工程
A17: 140 | B17: 1120232887 | C17: 唐明旭 | D17: =VLOOKUP([1]成绩单!B15,[1]Sheet1!$A:$K,4,0) -> 精工2311 | E17: 14 | F17: 0.157303 | G17: 89.2978 | H17: 60 | I17: 136 | J17: 0 | K17: 0 | L17: 是 | M17: 1 | N17: 1.5 | O17: 2.825 | P17: 5.8 | Q17: 8.55 | S17: =SUM(M17:Q17) -> 19.675 | T17: =COUNTIFS($Y:$Y, Y17, $S:$S, ">"&S17) + 1 -> 36 | U17: =0.85*E17+T17*0.15 -> 17.3 | V17: =100.4-0.4*W17 -> 94 | W17: =COUNTIFS($Y:$Y, Y17, $U:$U, "<"&U17) + 1 -> 16 | X17: 89 | Y17: 机械工程
A18: 141 | B18: 1120230374 | C18: 韦颉 | D18: =VLOOKUP([1]成绩单!B19,[1]Sheet1!$A:$K,4,0) -> 精工2311 | E18: 18 | F18: 0.202247 | G18: 88.1203 | H18: 66 | I18: 147.5 | J18: 0 | K18: 0 | L18: 是 | M18: 1.9 | N18: 1 | O18: 7.3 | P18: 5.3 | Q18: 16.4 | S18: =SUM(M18:Q18) -> 31.9 | T18: =COUNTIFS($Y:$Y, Y18, $S:$S, ">"&S18) + 1 -> 15 | U18: =0.85*E18+T18*0.15 -> 17.55 | V18: =100.4-0.4*W18 -> 93.6 | W18: =COUNTIFS($Y:$Y, Y18, $U:$U, "<"&U18) + 1 -> 17 | X18: 89 | Y18: 机械工程
A19: 142 | B19: 1120231401 | C19: 崔庆瞻 | D19: =VLOOKUP([1]成绩单!B20,[1]Sheet1!$A:$K,4,0) -> 精工2312 | E19: 19 | F19: 0.213483 | G19: 88.0864 | H19: 61 | I19: 136 | J19: 0 | K19: 0 | L19: 是 | M19: 1.7 | N19: 2.94 | O19: 9 | P19: 5.5 | Q19: 11 | S19: =SUM(M19:Q19) -> 30.14 | T19: =COUNTIFS($Y:$Y, Y19, $S:$S, ">"&S19) + 1 -> 17 | U19: =0.85*E19+T19*0.15 -> 18.7 | V19: =100.4-0.4*W19 -> 93.2 | W19: =COUNTIFS($Y:$Y, Y19, $U:$U, "<"&U19) + 1 -> 18 | X19: 89 | Y19: 机械工程
A20: 143 | B20: 1120233001 | C20: 李夏雨 | D20: =VLOOKUP([1]成绩单!B21,[1]Sheet1!$A:$K,4,0) -> 精工2313 | E20: 20 | F20: 0.224719 | G20: 88.0717 | H20: 60 | I20: 136 | J20: 0 | K20: 0 | L20: 是 | M20: 3.2 | N20: 2.2 | O20: 7 | P20: 10.7 | Q20: 10.34 | S20: =SUM(M20:Q20) -> 33.44 | T20: =COUNTIFS($Y:$Y, Y20, $S:$S, ">"&S20) + 1 -> 12 | U20: =0.85*E20+T20*0.15 -> 18.8 | V20: =100.4-0.4*W20 -> 92.8 | W20: =COUNTIFS($Y:$Y, Y20, $U:$U, "<"&U20) + 1 -> 19 | X20: 89 | Y20: 机械工程
A21: 144 | B21: 1120231281 | C21: 韦迎新 | D21: =VLOOKUP([1]成绩单!B22,[1]Sheet1!$A:$K,4,0) -> 精工2310 | E21: 21 | F21: 0.235955 | G21: 87.9456 | H21: 66 | I21: 147 | J21: 0 | K21: 0 | L21: 是 | M21: 1.5 | N21: 2 | O21: 4 | P21: 9 | Q21: 17.2 | S21: =SUM(M21:Q21) -> 33.7 | T21: =COUNTIFS($Y:$Y, Y21, $S:$S, ">"&S21) + 1 -> 11 | U21: =0.85*E21+T21*0.15 -> 19.5 | V21: =100.4-0.4*W21 -> 92.4 | W21: =COUNTIFS($Y:$Y, Y21, $U:$U, "<"&U21) + 1 -> 20 | X21: 89 | Y21: 机械工程
A22: 145 | B22: 1120231007 | C22: 熊世宸 | D22: =VLOOKUP([1]成绩单!B18,[1]Sheet1!$A:$K,4,0) -> 精工2311 | E22: 17 | F22: 0.191011 | G22: 88.1697 | H22: 61 | I22: 137 | J22: 0 | K22: 0 | L22: 是 | M22: 2.75 | N22: 3.15 | O22: 5.2 | P22: 1.7 | Q22: 5.25 | S22: =SUM(M22:Q22) -> 18.05 | T22: =COUNTIFS($Y:$Y, Y22, $S:$S, ">"&S22) + 1 -> 39 | U22: =0.85*E22+T22*0.15 -> 20.3 | V22: =100.4-0.4*W22 -> 92 | W22: =COUNTIFS($Y:$Y, Y22, $U:$U, "<"&U22) + 1 -> 21 | X22: 89 | Y22: 机械工程
A23: 146 | B23: 1120231262 | C23: 夏琪淇 | D23: =VLOOKUP([1]成绩单!B24,[1]Sheet1!$A:$K,4,0) -> 精工2312 | E23: 23 | F23: 0.258427 | G23: 87.5804 | H23: 64 | I23: 143 | J23: 0 | K23: 0 | L23: 是 | M23: 5.3 | N23: 5.4 | O23: 10.1 | P23: 8.7 | Q23: 12.9 | S23: =SUM(M23:Q23) -> 42.4 | T23: =COUNTIFS($Y:$Y, Y23, $S:$S, ">"&S23) + 1 -> 5 | U23: =0.85*E23+T23*0.15 -> 20.3 | V23: =100.4-0.4*W23 -> 92 | W23: =COUNTIFS($Y:$Y, Y23, $U:$U, "<"&U23) + 1 -> 21 | X23: 89 | Y23: 机械工程
A24: 147 | B24: 1120231008 | C24: 段练 | D24: =VLOOKUP([1]成绩单!B25,[1]Sheet1!$A:$K,4,0) -> 精工2312 | E24: 24 | F24: 0.269663 | G24: 87.5639 | H24: 61 | I24: 137 | J24: 0 | K24: 0 | L24: 是 | M24: 4.15 | N24: 9 | O24: 6 | P24: 4.2 | Q24: 13.5 | S24: =SUM(M24:Q24) -> 36.85 | T24: =COUNTIFS($Y:$Y, Y24, $S:$S, ">"&S24) + 1 -> 9 | U24: =0.85*E24+T24*0.15 -> 21.75 | V24: =100.4-0.4*W24 -> 91.2 | W24: =COUNTIFS($Y:$Y, Y24, $U:$U, "<"&U24) + 1 -> 23 | X24: 89 | Y24: 机械工程
A25: 148 | B25: 1120231265 | C25: 杨子萱 | D25: =VLOOKUP([1]成绩单!B28,[1]Sheet1!$A:$K,4,0) -> 精工2313 | E25: 27 | F25: 0.303371 | G25: 87.3869 | H25: 62 | I25: 137 | J25: 0 | K25: 0 | L25: 是 | M25: 2.3 | N25: 4.2 | O25: 7.7 | P25: 6.5 | Q25: 8.9 | S25: =SUM(M25:Q25) -> 29.6 | T25: =COUNTIFS($Y:$Y, Y25, $S:$S, ">"&S25) + 1 -> 20 | U25: =0.85*E25+T25*0.15 -> 25.95 | V25: =100.4-0.4*W25 -> 90.8 | W25: =COUNTIFS($Y:$Y, Y25, $U:$U, "<"&U25) + 1 -> 24 | X25: 89 | Y25: 机械工程
A26: 149 | B26: 1120230990 | C26: 李在天 | D26: =VLOOKUP([1]成绩单!B26,[1]Sheet1!$A:$K,4,0) -> 精工2311 | E26: 25 | F26: 0.280899 | G26: 87.5475 | H26: 63 | I26: 142 | J26: 0 | K26: 0 | L26: 是 | M26: 3.6 | N26: 1.5 | O26: 2 | P26: 4.6 | Q26: 6.8 | S26: =SUM(M26:Q26) -> 18.5 | T26: =COUNTIFS($Y:$Y, Y26, $S:$S, ">"&S26) + 1 -> 37 | U26: =0.85*E26+T26*0.15 -> 26.8 | V26: =100.4-0.4*W26 -> 90.4 | W26: =COUNTIFS($Y:$Y, Y26, $U:$U, "<"&U26) + 1 -> 25 | X26: 89 | Y26: 机械工程
A27: 150 | B27: 1120231746 | C27: 赵奕智 | D27: =VLOOKUP([1]成绩单!B23,[1]Sheet1!$A:$K,4,0) -> 精工2312 | E27: 22 | F27: 0.247191 | G27: 87.801 | H27: 68 | I27: 147 | J27: 0 | K27: 0 | L27: 是 | M27: 2.1 | N27: 2.2 | O27: 1.3 | P27: 2.5 | Q27: 1.5 | S27: =SUM(M27:Q27) -> 9.6 | T27: =COUNTIFS($Y:$Y, Y27, $S:$S, ">"&S27) + 1 -> 55 | U27: =0.85*E27+T27*0.15 -> 26.95 | V27: =100.4-0.4*W27 -> 90 | W27: =COUNTIFS($Y:$Y, Y27, $U:$U, "<"&U27) + 1 -> 26 | X27: 89 | Y27: 机械工程
A28: 151 | B28: 1120232468 | C28: 周峻羽 | D28: =VLOOKUP([1]成绩单!B29,[1]Sheet1!$A:$K,4,0) -> 精工2312 | E28: 28 | F28: 0.314607 | G28: 87.3419 | H28: 60 | I28: 136 | J28: 0 | K28: 0 | L28: 是 | M28: 4 | N28: 7 | O28: 3.8 | P28: 6.7 | Q28: 4.2 | S28: =SUM(M28:Q28) -> 25.7 | T28: =COUNTIFS($Y:$Y, Y28, $S:$S, ">"&S28) + 1 -> 25 | U28: =0.85*E28+T28*0.15 -> 27.55 | V28: =100.4-0.4*W28 -> 89.6 | W28: =COUNTIFS($Y:$Y, Y28, $U:$U, "<"&U28) + 1 -> 27 | X28: 89 | Y28: 机械工程
A29: 152 | B29: 1120232626 | C29: 汪品 | D29: =VLOOKUP([1]成绩单!B27,[1]Sheet1!$A:$K,4,0) -> 精工2312 | E29: 26 | F29: 0.292135 | G29: 87.4099 | H29: 60 | I29: 136 | J29: 0 | K29: 0 | L29: 是 | M29: 0.45 | N29: 2 | O29: 0 | P29: 0.5 | Q29: 0.5 | S29: =SUM(M29:Q29) -> 3.45 | T29: =COUNTIFS($Y:$Y, Y29, $S:$S, ">"&S29) + 1 -> 75 | U29: =0.85*E29+T29*0.15 -> 33.35 | V29: =100.4-0.4*W29 -> 89.2 | W29: =COUNTIFS($Y:$Y, Y29, $U:$U, "<"&U29) + 1 -> 28 | X29: 89 | Y29: 机械工程
A30: 153 | B30: 1120231633 | C30: 罗仁健 | D30: =VLOOKUP([1]成绩单!B34,[1]Sheet1!$A:$K,4,0) -> 精工2310 | E30: 33 | F30: 0.370787 | G30: 86.4485 | H30: 60 | I30: 136 | J30: 0 | K30: 0 | L30: 是 | M30: 2.3 | N30: 1.85 | O30: 2.3 | P30: 3.6 | Q30: 7.6 | S30: =SUM(M30:Q30) -> 17.65 | T30: =COUNTIFS($Y:$Y, Y30, $S:$S, ">"&S30) + 1 -> 40 | U30: =0.85*E30+T30*0.15 -> 34.05 | V30: =100.4-0.4*W30 -> 88.8 | W30: =COUNTIFS($Y:$Y, Y30, $U:$U, "<"&U30) + 1 -> 29 | X30: 89 | Y30: 机械工程
A31: 154 | B31: 1120231027 | C31: 戴隆煊 | D31: =VLOOKUP([1]成绩单!B30,[1]Sheet1!$A:$K,4,0) -> 精工2310 | E31: 29 | F31: 0.325843 | G31: 87.2896 | H31: 62 | I31: 139 | J31: 0 | K31: 0 | L31: 是 | M31: 1.3 | N31: 1 | O31: 1.65 | P31: 1.05 | Q31: 2 | S31: =SUM(M31:Q31) -> 7 | T31: =COUNTIFS($Y:$Y, Y31, $S:$S, ">"&S31) + 1 -> 63 | U31: =0.85*E31+T31*0.15 -> 34.1 | V31: =100.4-0.4*W31 -> 88.4 | W31: =COUNTIFS($Y:$Y, Y31, $U:$U, "<"&U31) + 1 -> 30 | X31: 89 | Y31: 机械工程
A32: 155 | B32: 1120232487 | C32: 王镜然 | D32: =VLOOKUP([1]成绩单!B36,[1]Sheet1!$A:$K,4,0) -> 精工2311 | E32: 35 | F32: 0.393258 | G32: 86.3292 | H32: 63 | I32: 142 | J32: 0 | K32: 0 | L32: 是 | M32: 4 | N32: 3.3 | O32: 3.8 | P32: 3.5 | Q32: 6.5 | S32: =SUM(M32:Q32) -> 21.1 | T32: =COUNTIFS($Y:$Y, Y32, $S:$S, ">"&S32) + 1 -> 34 | U32: =0.85*E32+T32*0.15 -> 34.85 | V32: =100.4-0.4*W32 -> 88 | W32: =COUNTIFS($Y:$Y, Y32, $U:$U, "<"&U32) + 1 -> 31 | X32: 89 | Y32: 机械工程
A33: 156 | B33: 1120232314 | C33: 桑春月 | D33: =VLOOKUP([1]成绩单!B39,[1]Sheet1!$A:$K,4,0) -> 精工2310 | E33: 38 | F33: 0.426966 | G33: 85.4489 | H33: 63 | I33: 142 | J33: 0 | K33: 0 | L33: 是 | M33: 3.3 | N33: 5.6 | O33: 8.8 | P33: 10.2 | Q33: 2 | S33: =SUM(M33:Q33) -> 29.9 | T33: =COUNTIFS($Y:$Y, Y33, $S:$S, ">"&S33) + 1 -> 19 | U33: =0.85*E33+T33*0.15 -> 35.15 | V33: =100.4-0.4*W33 -> 87.6 | W33: =COUNTIFS($Y:$Y, Y33, $U:$U, "<"&U33) + 1 -> 32 | X33: 89 | Y33: 机械工程
A34: 157 | B34: 1120232517 | C34: 梁靖旭 | D34: =VLOOKUP([1]成绩单!B32,[1]Sheet1!$A:$K,4,0) -> 精工2310 | E34: 31 | F34: 0.348315 | G34: 86.836 | H34: 64 | I34: 141.75 | J34: 0 | K34: 0 | L34: 是 | M34: 1 | N34: 1.6 | O34: 1.8 | P34: 1 | Q34: 2.5 | S34: =SUM(M34:Q34) -> 7.9 | T34: =COUNTIFS($Y:$Y, Y34, $S:$S, ">"&S34) + 1 -> 61 | U34: =0.85*E34+T34*0.15 -> 35.5 | V34: =100.4-0.4*W34 -> 87.2 | W34: =COUNTIFS($Y:$Y, Y34, $U:$U, "<"&U34) + 1 -> 33 | X34: 89 | Y34: 机械工程
A35: 158 | B35: 1120231756 | C35: 司常锐 | D35: =VLOOKUP([1]成绩单!B35,[1]Sheet1!$A:$K,4,0) -> 精工2310 | E35: 34 | F35: 0.382022 | G35: 86.414 | H35: 63 | I35: 139.5 | J35: 0 | K35: 0 | L35: 是 | M35: 3.5 | N35: 2.6 | O35: 2.7 | P35: 1.8 | Q35: 2.7 | S35: =SUM(M35:Q35) -> 13.3 | T35: =COUNTIFS($Y:$Y, Y35, $S:$S, ">"&S35) + 1 -> 48 | U35: =0.85*E35+T35*0.15 -> 36.1 | V35: =100.4-0.4*W35 -> 86.8 | W35: =COUNTIFS($Y:$Y, Y35, $U:$U, "<"&U35) + 1 -> 34 | X35: 89 | Y35: 机械工程
A36: 159 | B36: 1120231292 | C36: 夏智豪 | D36: =VLOOKUP([1]成绩单!B42,[1]Sheet1!$A:$K,4,0) -> 精工2310 | E36: 41 | F36: 0.460674 | G36: 84.6486 | H36: 64 | I36: 143 | J36: 0 | K36: 0 | L36: 是 | M36: 3.65 | N36: 6.275 | O36: 4.5 | P36: 3 | Q36: 14.9 | S36: =SUM(M36:Q36) -> 32.325 | T36: =COUNTIFS($Y:$Y, Y36, $S:$S, ">"&S36) + 1 -> 13 | U36: =0.85*E36+T36*0.15 -> 36.8 | V36: =100.4-0.4*W36 -> 86.4 | W36: =COUNTIFS($Y:$Y, Y36, $U:$U, "<"&U36) + 1 -> 35 | X36: 89 | Y36: 机械工程
A37: 160 | B37: 1120230354 | C37: 单子聪 | D37: =VLOOKUP([1]成绩单!B31,[1]Sheet1!$A:$K,4,0) -> 精工2313 | E37: 30 | F37: 0.337079 | G37: 87.0052 | H37: 62 | I37: 143.5 | J37: 0 | K37: 0 | L37: 是 | M37: 0 | N37: 0 | O37: 0 | P37: 0 | Q37: 0 | S37: =SUM(M37:Q37) -> 0 | T37: =COUNTIFS($Y:$Y, Y37, $S:$S, ">"&S37) + 1 -> 84 | U37: =0.85*E37+T37*0.15 -> 38.1 | V37: =100.4-0.4*W37 -> 86 | W37: =COUNTIFS($Y:$Y, Y37, $U:$U, "<"&U37) + 1 -> 36 | X37: 89 | Y37: 机械工程
A38: 161 | B38: 1120231754 | C38: 喻韬 | D38: =VLOOKUP([1]成绩单!B33,[1]Sheet1!$A:$K,4,0) -> 精工2312 | E38: 32 | F38: 0.359551 | G38: 86.7422 | H38: 63 | I38: 136.75 | J38: 0 | K38: 0 | L38: 是 | M38: 1.3 | N38: 0 | O38: 0 | P38: 0 | Q38: 2.9 | S38: =SUM(M38:Q38) -> 4.2 | T38: =COUNTIFS($Y:$Y, Y38, $S:$S, ">"&S38) + 1 -> 73 | U38: =0.85*E38+T38*0.15 -> 38.15 | V38: =100.4-0.4*W38 -> 85.6 | W38: =COUNTIFS($Y:$Y, Y38, $U:$U, "<"&U38) + 1 -> 37 | X38: 89 | Y38: 机械工程
A39: 162 | B39: 1120231021 | C39: 曾越 | D39: =VLOOKUP([1]成绩单!B37,[1]Sheet1!$A:$K,4,0) -> 精工2313 | E39: 36 | F39: 0.404494 | G39: 86.3235 | H39: 60 | I39: 136 | J39: 0 | K39: 0 | L39: 是 | M39: 1 | N39: 1 | O39: 3 | P39: 4.2 | Q39: 1 | S39: =SUM(M39:Q39) -> 10.2 | T39: =COUNTIFS($Y:$Y, Y39, $S:$S, ">"&S39) + 1 -> 53 | U39: =0.85*E39+T39*0.15 -> 38.55 | V39: =100.4-0.4*W39 -> 85.2 | W39: =COUNTIFS($Y:$Y, Y39, $U:$U, "<"&U39) + 1 -> 38 | X39: 89 | Y39: 机械工程
A40: 163 | B40: 1120232039 | C40: 王一鸣 | D40: =VLOOKUP([1]成绩单!B40,[1]Sheet1!$A:$K,4,0) -> 精工2312 | E40: 39 | F40: 0.438202 | G40: 85.1282 | H40: 62 | I40: 138.5 | J40: 0 | K40: 0 | L40: 是 | M40: 3.7 | N40: 2.2 | O40: 1.7 | P40: 1.5 | Q40: 0.2 | S40: =SUM(M40:Q40) -> 9.3 | T40: =COUNTIFS($Y:$Y, Y40, $S:$S, ">"&S40) + 1 -> 56 | U40: =0.85*E40+T40*0.15 -> 41.55 | V40: =100.4-0.4*W40 -> 84.8 | W40: =COUNTIFS($Y:$Y, Y40, $U:$U, "<"&U40) + 1 -> 39 | X40: 89 | Y40: 机械工程
A41: 164 | B41: 1120231025 | C41: 欧阳雯昕 | D41: =VLOOKUP([1]成绩单!B47,[1]Sheet1!$A:$K,4,0) -> 精工2311 | E41: 46 | F41: 0.516854 | G41: 84.1765 | H41: 60 | I41: 136 | J41: 0 | K41: 0 | L41: 是 | M41: 3.2 | N41: 6.5 | O41: 5.1 | P41: 5.8 | Q41: 8.6 | S41: =SUM(M41:Q41) -> 29.2 | T41: =COUNTIFS($Y:$Y, Y41, $S:$S, ">"&S41) + 1 -> 22 | U41: =0.85*E41+T41*0.15 -> 42.4 | V41: =100.4-0.4*W41 -> 84.4 | W41: =COUNTIFS($Y:$Y, Y41, $U:$U, "<"&U41) + 1 -> 40 | X41: 89 | Y41: 机械工程
A42: 165 | B42: 1120231267 | C42: 甘俊晖 | D42: =VLOOKUP([1]成绩单!B44,[1]Sheet1!$A:$K,4,0) -> 精工2311 | E42: 43 | F42: 0.483146 | G42: 84.4871 | H42: 61 | I42: 136 | J42: 0 | K42: 0 | L42: 是 | M42: 0.15 | N42: 1 | O42: 7.7 | P42: 1.7 | Q42: 6.7 | S42: =SUM(M42:Q42) -> 17.25 | T42: =COUNTIFS($Y:$Y, Y42, $S:$S, ">"&S42) + 1 -> 42 | U42: =0.85*E42+T42*0.15 -> 42.85 | V42: =100.4-0.4*W42 -> 84 | W42: =COUNTIFS($Y:$Y, Y42, $U:$U, "<"&U42) + 1 -> 41 | X42: 89 | Y42: 机械工程
A43: 166 | B43: 1120232885 | C43: 陈周冬 | D43: =VLOOKUP([1]成绩单!B38,[1]Sheet1!$A:$K,4,0) -> 精工2311 | E43: 37 | F43: 0.41573 | G43: 85.4743 | H43: 60 | I43: 136 | J43: 0 | K43: 0 | L43: 是 | M43: 0 | N43: 0 | O43: 0 | P43: 0 | Q43: 0 | S43: =SUM(M43:Q43) -> 0 | T43: =COUNTIFS($Y:$Y, Y43, $S:$S, ">"&S43) + 1 -> 84 | U43: =0.85*E43+T43*0.15 -> 44.05 | V43: =100.4-0.4*W43 -> 83.6 | W43: =COUNTIFS($Y:$Y, Y43, $U:$U, "<"&U43) + 1 -> 42 | X43: 89 | Y43: 机械工程
A44: 167 | B44: 1120231783 | C44: 闫志远 | D44: =VLOOKUP([1]成绩单!B41,[1]Sheet1!$A:$K,4,0) -> 精工2313 | E44: 40 | F44: 0.449438 | G44: 84.9779 | H44: 60 | I44: 136 | J44: 0 | K44: 0 | L44: 是 | M44: 0.4 | N44: 0.95 | O44: 2.4 | P44: 1.5 | Q44: 1.2 | S44: =SUM(M44:Q44) -> 6.45 | T44: =COUNTIFS($Y:$Y, Y44, $S:$S, ">"&S44) + 1 -> 67 | U44: =0.85*E44+T44*0.15 -> 44.05 | V44: =100.4-0.4*W44 -> 83.6 | W44: =COUNTIFS($Y:$Y, Y44, $U:$U, "<"&U44) + 1 -> 42 | X44: 89 | Y44: 机械工程
A45: 168 | B45: 1120231767 | C45: 范霄扬 | D45: =VLOOKUP([1]成绩单!B46,[1]Sheet1!$A:$K,4,0) -> 精工2311 | E45: 45 | F45: 0.505618 | G45: 84.1788 | H45: 61 | I45: 137 | J45: 0 | K45: 0 | L45: 是 | M45: 3.95 | N45: 2 | O45: 5.8 | P45: 3.48 | Q45: 1 | S45: =SUM(M45:Q45) -> 16.23 | T45: =COUNTIFS($Y:$Y, Y45, $S:$S, ">"&S45) + 1 -> 44 | U45: =0.85*E45+T45*0.15 -> 44.85 | V45: =100.4-0.4*W45 -> 82.8 | W45: =COUNTIFS($Y:$Y, Y45, $U:$U, "<"&U45) + 1 -> 44 | X45: 89 | Y45: 机械工程
A46: 169 | B46: 1120232282 | C46: 孙卿皓 | D46: =VLOOKUP([1]成绩单!B43,[1]Sheet1!$A:$K,4,0) -> 精工2311 | E46: 42 | F46: 0.47191 | G46: 84.5074 | H46: 60 | I46: 136 | J46: 0 | K46: 0 | L46: 是 | M46: 2 | N46: 1 | O46: 1 | P46: 1.5 | Q46: 1.5 | S46: =SUM(M46:Q46) -> 7 | T46: =COUNTIFS($Y:$Y, Y46, $S:$S, ">"&S46) + 1 -> 63 | U46: =0.85*E46+T46*0.15 -> 45.15 | V46: =100.4-0.4*W46 -> 82.4 | W46: =COUNTIFS($Y:$Y, Y46, $U:$U, "<"&U46) + 1 -> 45 | X46: 89 | Y46: 机械工程
A47: 170 | B47: 1120232508 | C47: 宋宇飞 | D47: =VLOOKUP([1]成绩单!B50,[1]Sheet1!$A:$K,4,0) -> 精工2313 | E47: 49 | F47: 0.550562 | G47: 83.5162 | H47: 62 | I47: 139 | J47: 0 | K47: 0 | L47: 是 | M47: 0.7 | N47: 2.6 | O47: 4.8 | P47: 7.7 | Q47: 9.2 | S47: =SUM(M47:Q47) -> 25 | T47: =COUNTIFS($Y:$Y, Y47, $S:$S, ">"&S47) + 1 -> 26 | U47: =0.85*E47+T47*0.15 -> 45.55 | V47: =100.4-0.4*W47 -> 82 | W47: =COUNTIFS($Y:$Y, Y47, $U:$U, "<"&U47) + 1 -> 46 | X47: 89 | Y47: 机械工程
A48: 171 | B48: 1120230739 | C48: 杨鹏 | D48: =VLOOKUP([1]成绩单!B48,[1]Sheet1!$A:$K,4,0) -> 精工2312 | E48: 47 | F48: 0.52809 | G48: 84.1624 | H48: 61 | I48: 137 | J48: 0 | K48: 0 | L48: 是 | M48: 1.2 | N48: 3 | O48: 3.7 | P48: 4.5 | Q48: 2.2 | S48: =SUM(M48:Q48) -> 14.6 | T48: =COUNTIFS($Y:$Y, Y48, $S:$S, ">"&S48) + 1 -> 47 | U48: =0.85*E48+T48*0.15 -> 47 | V48: =100.4-0.4*W48 -> 81.6 | W48: =COUNTIFS($Y:$Y, Y48, $U:$U, "<"&U48) + 1 -> 47 | X48: 89 | Y48: 机械工程
A49: 172 | B49: 1120231437 | C49: 张峰瑞 | D49: =VLOOKUP([1]成绩单!B45,[1]Sheet1!$A:$K,4,0) -> 精工2310 | E49: 44 | F49: 0.494382 | G49: 84.2298 | H49: 60 | I49: 136 | J49: 0 | K49: 0 | L49: 是 | M49: 1.65 | N49: 1.75 | O49: 1 | P49: 1.55 | Q49: 0.5 | S49: =SUM(M49:Q49) -> 6.45 | T49: =COUNTIFS($Y:$Y, Y49, $S:$S, ">"&S49) + 1 -> 67 | U49: =0.85*E49+T49*0.15 -> 47.45 | V49: =100.4-0.4*W49 -> 81.2 | W49: =COUNTIFS($Y:$Y, Y49, $U:$U, "<"&U49) + 1 -> 48 | X49: 89 | Y49: 机械工程
A50: 173 | B50: 1120232507 | C50: 熊如丹 | D50: =VLOOKUP([1]成绩单!B49,[1]Sheet1!$A:$K,4,0) -> 精工2313 | E50: 48 | F50: 0.539326 | G50: 83.6906 | H50: 62 | I50: 139 | J50: 0 | K50: 0 | L50: 是 | M50: 1.3 | N50: 4.2 | O50: 2.5 | P50: 3 | Q50: 2 | S50: =SUM(M50:Q50) -> 13 | T50: =COUNTIFS($Y:$Y, Y50, $S:$S, ">"&S50) + 1 -> 49 | U50: =0.85*E50+T50*0.15 -> 48.15 | V50: =100.4-0.4*W50 -> 80.8 | W50: =COUNTIFS($Y:$Y, Y50, $U:$U, "<"&U50) + 1 -> 49 | X50: 89 | Y50: 机械工程
A51: 174 | B51: 1120230217 | C51: 陈智博 | D51: =VLOOKUP([1]成绩单!B56,[1]Sheet1!$A:$K,4,0) -> 精工2312 | E51: 55 | F51: 0.617978 | G51: 82.1115 | H51: 63 | I51: 139 | J51: 1 | K51: 1 | L51: 是 | M51: 4.05 | N51: 3 | O51: 6.2 | P51: 15.5 | Q51: 5.6 | S51: =SUM(M51:Q51) -> 34.35 | T51: =COUNTIFS($Y:$Y, Y51, $S:$S, ">"&S51) + 1 -> 10 | U51: =0.85*E51+T51*0.15 -> 48.25 | V51: =100.4-0.4*W51 -> 80.4 | W51: =COUNTIFS($Y:$Y, Y51, $U:$U, "<"&U51) + 1 -> 50 | X51: 89 | Y51: 机械工程
A52: 175 | B52: 1120231030 | C52: 李自强 | D52: =VLOOKUP([1]成绩单!B53,[1]Sheet1!$A:$K,4,0) -> 精工2312 | E52: 52 | F52: 0.58427 | G52: 83.0927 | H52: 64 | I52: 143 | J52: 0 | K52: 0 | L52: 是 | M52: 0 | N52: 1.4 | O52: 6.8 | P52: 7.5 | Q52: 2.5 | S52: =SUM(M52:Q52) -> 18.2 | T52: =COUNTIFS($Y:$Y, Y52, $S:$S, ">"&S52) + 1 -> 38 | U52: =0.85*E52+T52*0.15 -> 49.9 | V52: =100.4-0.4*W52 -> 80 | W52: =COUNTIFS($Y:$Y, Y52, $U:$U, "<"&U52) + 1 -> 51 | X52: 89 | Y52: 机械工程
A53: 176 | B53: 1120231648 | C53: 李卓阳 | D53: =VLOOKUP([1]成绩单!B54,[1]Sheet1!$A:$K,4,0) -> 精工2313 | E53: 53 | F53: 0.595506 | G53: 82.4193 | H53: 68 | I53: 150.25 | J53: 1 | K53: 1 | L53: 是 | M53: 1.8 | N53: 3.8 | O53: 6.75 | P53: 5.9 | Q53: 3.5 | S53: =SUM(M53:Q53) -> 21.75 | T53: =COUNTIFS($Y:$Y, Y53, $S:$S, ">"&S53) + 1 -> 33 | U53: =0.85*E53+T53*0.15 -> 50 | V53: =100.4-0.4*W53 -> 79.6 | W53: =COUNTIFS($Y:$Y, Y53, $U:$U, "<"&U53) + 1 -> 52 | X53: 89 | Y53: 机械工程
A54: 177 | B54: 1120233000 | C54: 陈政亨 | D54: =VLOOKUP([1]成绩单!B51,[1]Sheet1!$A:$K,4,0) -> 精工2311 | E54: 50 | F54: 0.561798 | G54: 83.3934 | H54: 60 | I54: 136 | J54: 0 | K54: 0 | L54: 是 | M54: 1.7 | N54: 3.5 | O54: 1 | P54: 2 | Q54: 1 | S54: =SUM(M54:Q54) -> 9.2 | T54: =COUNTIFS($Y:$Y, Y54, $S:$S, ">"&S54) + 1 -> 57 | U54: =0.85*E54+T54*0.15 -> 51.05 | V54: =100.4-0.4*W54 -> 79.2 | W54: =COUNTIFS($Y:$Y, Y54, $U:$U, "<"&U54) + 1 -> 53 | X54: 89 | Y54: 机械工程
A55: 178 | B55: 1120231435 | C55: 姜智浩 | D55: =VLOOKUP([1]成绩单!B55,[1]Sheet1!$A:$K,4,0) -> 精工2312 | E55: 54 | F55: 0.606742 | G55: 82.1489 | H55: 60 | I55: 136 | J55: 0 | K55: 0 | L55: 是 | M55: 2.7 | N55: 3.2 | O55: 5.15 | P55: 1 | Q55: 4.3 | S55: =SUM(M55:Q55) -> 16.35 | T55: =COUNTIFS($Y:$Y, Y55, $S:$S, ">"&S55) + 1 -> 43 | U55: =0.85*E55+T55*0.15 -> 52.35 | V55: =100.4-0.4*W55 -> 78.8 | W55: =COUNTIFS($Y:$Y, Y55, $U:$U, "<"&U55) + 1 -> 54 | X55: 89 | Y55: 机械工程
A56: 179 | B56: 1120232516 | C56: 苏泓午 | D56: =VLOOKUP([1]成绩单!B58,[1]Sheet1!$A:$K,4,0) -> 精工2312 | E56: 57 | F56: 0.640449 | G56: 81.3431 | H56: 61 | I56: 137 | J56: 0 | K56: 0 | L56: 是 | M56: 0 | N56: 0.9 | O56: 4 | P56: 4.2 | Q56: 6.2 | S56: =SUM(M56:Q56) -> 15.3 | T56: =COUNTIFS($Y:$Y, Y56, $S:$S, ">"&S56) + 1 -> 46 | U56: =0.85*E56+T56*0.15 -> 55.35 | V56: =100.4-0.4*W56 -> 78.4 | W56: =COUNTIFS($Y:$Y, Y56, $U:$U, "<"&U56) + 1 -> 55 | X56: 89 | Y56: 机械工程
A57: 180 | B57: 1120231001 | C57: 李炎泽 | D57: =VLOOKUP([1]成绩单!B52,[1]Sheet1!$A:$K,4,0) -> 精工2311 | E57: 51 | F57: 0.573034 | G57: 83.1421 | H57: 59 | I57: 135.5 | J57: 0 | K57: 0 | L57: 是 | M57: 0.7 | N57: 0 | O57: 0 | P57: 0 | Q57: 0 | S57: =SUM(M57:Q57) -> 0.7 | T57: =COUNTIFS($Y:$Y, Y57, $S:$S, ">"&S57) + 1 -> 83 | U57: =0.85*E57+T57*0.15 -> 55.8 | V57: =100.4-0.4*W57 -> 78 | W57: =COUNTIFS($Y:$Y, Y57, $U:$U, "<"&U57) + 1 -> 56 | X57: 89 | Y57: 机械工程
A58: 181 | B58: 1120230889 | C58: 杨博 | D58: =VLOOKUP([1]成绩单!B62,[1]Sheet1!$A:$K,4,0) -> 精工2310 | E58: 61 | F58: 0.685393 | G58: 80.7985 | H58: 61 | I58: 136.5 | J58: 0 | K58: 0 | L58: 是 | M58: 5.3 | N58: 4.7 | O58: 6.4 | P58: 3.5 | Q58: 2 | S58: =SUM(M58:Q58) -> 21.9 | T58: =COUNTIFS($Y:$Y, Y58, $S:$S, ">"&S58) + 1 -> 32 | U58: =0.85*E58+T58*0.15 -> 56.65 | V58: =100.4-0.4*W58 -> 77.6 | W58: =COUNTIFS($Y:$Y, Y58, $U:$U, "<"&U58) + 1 -> 57 | X58: 89 | Y58: 机械工程
A59: 182 | B59: 1120232497 | C59: 彭双泉 | D59: =VLOOKUP([1]成绩单!B59,[1]Sheet1!$A:$K,4,0) -> 精工2313 | E59: 58 | F59: 0.651685 | G59: 81.0821 | H59: 61 | I59: 137 | J59: 0 | K59: 0 | L59: 是 | M59: 5.1 | N59: 2.85 | O59: 0.85 | P59: 1.4 | Q59: 0 | S59: =SUM(M59:Q59) -> 10.2 | T59: =COUNTIFS($Y:$Y, Y59, $S:$S, ">"&S59) + 1 -> 53 | U59: =0.85*E59+T59*0.15 -> 57.25 | V59: =100.4-0.4*W59 -> 77.2 | W59: =COUNTIFS($Y:$Y, Y59, $U:$U, "<"&U59) + 1 -> 58 | X59: 89 | Y59: 机械工程
A60: 183 | B60: 1120232521 | C60: 阎听松 | D60: =VLOOKUP([1]成绩单!B57,[1]Sheet1!$A:$K,4,0) -> 精工2312 | E60: 56 | F60: 0.629213 | G60: 81.4389 | H60: 60 | I60: 135 | J60: 0 | K60: 0 | L60: 是 | M60: 1 | N60: 1 | O60: 1.3 | P60: 0.45 | Q60: 0.5 | S60: =SUM(M60:Q60) -> 4.25 | T60: =COUNTIFS($Y:$Y, Y60, $S:$S, ">"&S60) + 1 -> 72 | U60: =0.85*E60+T60*0.15 -> 58.4 | V60: =100.4-0.4*W60 -> 76.8 | W60: =COUNTIFS($Y:$Y, Y60, $U:$U, "<"&U60) + 1 -> 59 | X60: 89 | Y60: 机械工程
A61: 184 | B61: 1120230329 | C61: 李彦澎 | D61: =VLOOKUP([1]成绩单!B66,[1]Sheet1!$A:$K,4,0) -> 精工2311 | E61: 65 | F61: 0.730337 | G61: 79.3241 | H61: 60 | I61: 135 | J61: 0 | K61: 0 | L61: 是 | M61: 4 | N61: 3 | O61: 9.5 | P61: 1.5 | Q61: 4.3 | S61: =SUM(M61:Q61) -> 22.3 | T61: =COUNTIFS($Y:$Y, Y61, $S:$S, ">"&S61) + 1 -> 30 | U61: =0.85*E61+T61*0.15 -> 59.75 | V61: =100.4-0.4*W61 -> 76.4 | W61: =COUNTIFS($Y:$Y, Y61, $U:$U, "<"&U61) + 1 -> 60 | X61: 89 | Y61: 机械工程
A62: 185 | B62: 1120232200 | C62: 杨洪 | D62: =VLOOKUP([1]成绩单!B61,[1]Sheet1!$A:$K,4,0) -> 精工2310 | E62: 60 | F62: 0.674157 | G62: 80.9022 | H62: 61 | I62: 138 | J62: 0 | K62: 0 | L62: 是 | M62: 0.8 | N62: 1.2 | O62: 4.2 | P62: 1.2 | Q62: 0.2 | S62: =SUM(M62:Q62) -> 7.6 | T62: =COUNTIFS($Y:$Y, Y62, $S:$S, ">"&S62) + 1 -> 62 | U62: =0.85*E62+T62*0.15 -> 60.3 | V62: =100.4-0.4*W62 -> 76 | W62: =COUNTIFS($Y:$Y, Y62, $U:$U, "<"&U62) + 1 -> 61 | X62: 89 | Y62: 机械工程
A63: 186 | B63: 1120231440 | C63: 刘宇航 | D63: =VLOOKUP([1]成绩单!B69,[1]Sheet1!$A:$K,4,0) -> 精工2313 | E63: 68 | F63: 0.764045 | G63: 78.4234 | H63: 61 | I63: 137 | J63: 0 | K63: 0 | L63: 是 | M63: 3.9 | N63: 3.5 | O63: 5 | P63: 5.3 | Q63: 12.3 | S63: =SUM(M63:Q63) -> 30 | T63: =COUNTIFS($Y:$Y, Y63, $S:$S, ">"&S63) + 1 -> 18 | U63: =0.85*E63+T63*0.15 -> 60.5 | V63: =100.4-0.4*W63 -> 75.6 | W63: =COUNTIFS($Y:$Y, Y63, $U:$U, "<"&U63) + 1 -> 62 | X63: 89 | Y63: 机械工程
A64: 187 | B64: 1120230993 | C64: 张岑 | D64: =VLOOKUP([1]成绩单!B60,[1]Sheet1!$A:$K,4,0) -> 精工2310 | E64: 59 | F64: 0.662921 | G64: 80.9723 | H64: 60 | I64: 135.25 | J64: 0 | K64: 0 | L64: 是 | M64: 1.5 | N64: 1.2 | O64: 0 | P64: 0.6 | Q64: 0 | S64: =SUM(M64:Q64) -> 3.3 | T64: =COUNTIFS($Y:$Y, Y64, $S:$S, ">"&S64) + 1 -> 76 | U64: =0.85*E64+T64*0.15 -> 61.55 | V64: =100.4-0.4*W64 -> 75.2 | W64: =COUNTIFS($Y:$Y, Y64, $U:$U, "<"&U64) + 1 -> 63 | X64: 89 | Y64: 机械工程
A65: 188 | B65: 1120231029 | C65: 李佳音 | D65: =VLOOKUP([1]成绩单!B70,[1]Sheet1!$A:$K,4,0) -> 精工2310 | E65: 69 | F65: 0.775281 | G65: 78.3796 | H65: 61 | I65: 137 | J65: 2 | K65: 1 | L65: 是 | M65: 3.95 | N65: 2 | O65: 10.1 | P65: 4.4 | Q65: 6.3 | S65: =SUM(M65:Q65) -> 26.75 | T65: =COUNTIFS($Y:$Y, Y65, $S:$S, ">"&S65) + 1 -> 23 | U65: =0.85*E65+T65*0.15 -> 62.1 | V65: =100.4-0.4*W65 -> 74.8 | W65: =COUNTIFS($Y:$Y, Y65, $U:$U, "<"&U65) + 1 -> 64 | X65: 89 | Y65: 机械工程
A66: 189 | B66: 1120231017 | C66: 龚彤彤 | D66: =VLOOKUP([1]成绩单!B67,[1]Sheet1!$A:$K,4,0) -> 精工2310 | E66: 66 | F66: 0.741573 | G66: 78.8696 | H66: 62 | I66: 138 | J66: 2 | K66: 2 | L66: 是 | M66: 3.9 | N66: 2.5 | O66: 1.7 | P66: 6.7 | Q66: 2.75 | S66: =SUM(M66:Q66) -> 17.55 | T66: =COUNTIFS($Y:$Y, Y66, $S:$S, ">"&S66) + 1 -> 41 | U66: =0.85*E66+T66*0.15 -> 62.25 | V66: =100.4-0.4*W66 -> 74.4 | W66: =COUNTIFS($Y:$Y, Y66, $U:$U, "<"&U66) + 1 -> 65 | X66: 89 | Y66: 机械工程
A67: 190 | B67: 1120230988 | C67: 彭子翀 | D67: =VLOOKUP([1]成绩单!B65,[1]Sheet1!$A:$K,4,0) -> 精工2312 | E67: 64 | F67: 0.719101 | G67: 79.6496 | H67: 61 | I67: 137 | J67: 0 | K67: 0 | L67: 是 | M67: 1.7 | N67: 1 | O67: 3.5 | P67: 0 | Q67: 0.5 | S67: =SUM(M67:Q67) -> 6.7 | T67: =COUNTIFS($Y:$Y, Y67, $S:$S, ">"&S67) + 1 -> 65 | U67: =0.85*E67+T67*0.15 -> 64.15 | V67: =100.4-0.4*W67 -> 74 | W67: =COUNTIFS($Y:$Y, Y67, $U:$U, "<"&U67) + 1 -> 66 | X67: 89 | Y67: 机械工程
A68: 191 | B68: 1120232703 | C68: 谢涵达 | D68: =VLOOKUP([1]成绩单!B64,[1]Sheet1!$A:$K,4,0) -> 精工2313 | E68: 63 | F68: 0.707865 | G68: 79.8189 | H68: 59 | I68: 132.5 | J68: 0 | K68: 0 | L68: 是 | M68: 0 | N68: 0 | O68: 3.5 | P68: 0 | Q68: 0 | S68: =SUM(M68:Q68) -> 3.5 | T68: =COUNTIFS($Y:$Y, Y68, $S:$S, ">"&S68) + 1 -> 74 | U68: =0.85*E68+T68*0.15 -> 64.65 | V68: =100.4-0.4*W68 -> 73.6 | W68: =COUNTIFS($Y:$Y, Y68, $U:$U, "<"&U68) + 1 -> 67 | X68: 89 | Y68: 机械工程
A69: 192 | B69: 1120232486 | C69: 普京 | D69: =VLOOKUP([1]成绩单!B63,[1]Sheet1!$A:$K,4,0) -> 精工2310 | E69: 62 | F69: 0.696629 | G69: 80.5533 | H69: 60 | I69: 136 | J69: 0 | K69: 0 | L69: 是 | M69: 0 | N69: 0 | O69: 0 | P69: -0.5 | Q69: 0.5 | S69: =SUM(M69:Q69) -> 0 | T69: =COUNTIFS($Y:$Y, Y69, $S:$S, ">"&S69) + 1 -> 84 | U69: =0.85*E69+T69*0.15 -> 65.3 | V69: =100.4-0.4*W69 -> 73.2 | W69: =COUNTIFS($Y:$Y, Y69, $U:$U, "<"&U69) + 1 -> 68 | X69: 89 | Y69: 机械工程
A70: 193 | B70: 1120231443 | C70: 安芝麒 | D70: =VLOOKUP([1]成绩单!B71,[1]Sheet1!$A:$K,4,0) -> 精工2313 | E70: 70 | F70: 0.786517 | G70: 77.8352 | H70: 60 | I70: 135 | J70: 1 | K70: 1 | L70: 是 | M70: 4.9 | N70: 2.2 | O70: 5.2 | P70: 2.2 | Q70: 1.35 | S70: =SUM(M70:Q70) -> 15.85 | T70: =COUNTIFS($Y:$Y, Y70, $S:$S, ">"&S70) + 1 -> 45 | U70: =0.85*E70+T70*0.15 -> 66.25 | V70: =100.4-0.4*W70 -> 72.8 | W70: =COUNTIFS($Y:$Y, Y70, $U:$U, "<"&U70) + 1 -> 69 | X70: 89 | Y70: 机械工程
A71: 194 | B71: 1120232210 | C71: 唐德瑞 | D71: =VLOOKUP([1]成绩单!B68,[1]Sheet1!$A:$K,4,0) -> 精工2310 | E71: 67 | F71: 0.752809 | G71: 78.4688 | H71: 60 | I71: 136 | J71: 1 | K71: 1 | L71: 是 | M71: 0 | N71: 1.2 | O71: 0 | P71: 2.2 | Q71: 2.5 | S71: =SUM(M71:Q71) -> 5.9 | T71: =COUNTIFS($Y:$Y, Y71, $S:$S, ">"&S71) + 1 -> 70 | U71: =0.85*E71+T71*0.15 -> 67.45 | V71: =100.4-0.4*W71 -> 72.4 | W71: =COUNTIFS($Y:$Y, Y71, $U:$U, "<"&U71) + 1 -> 70 | X71: 89 | Y71: 机械工程
A72: 195 | B72: 1120232501 | C72: 袁聿辰 | D72: =VLOOKUP([1]成绩单!B76,[1]Sheet1!$A:$K,4,0) -> 精工2311 | E72: 75 | F72: 0.842697 | G72: 76.2371 | H72: 62 | I72: 136 | J72: 2 | K72: 1 | L72: 是 | M72: 2.4 | N72: 3.5 | O72: 4.5 | P72: 4 | Q72: 8.4 | S72: =SUM(M72:Q72) -> 22.8 | T72: =COUNTIFS($Y:$Y, Y72, $S:$S, ">"&S72) + 1 -> 28 | U72: =0.85*E72+T72*0.15 -> 67.95 | V72: =100.4-0.4*W72 -> 72 | W72: =COUNTIFS($Y:$Y, Y72, $U:$U, "<"&U72) + 1 -> 71 | X72: 89 | Y72: 机械工程
A73: 196 | B73: 1120230975 | C73: 王帅琦 | D73: =VLOOKUP([1]成绩单!B72,[1]Sheet1!$A:$K,4,0) -> 精工2311 | E73: 71 | F73: 0.797753 | G73: 77.3805 | H73: 60 | I73: 136 | J73: 1 | K73: 0 | L73: 是 | M73: 1.9 | N73: 0.7 | O73: 3.2 | P73: 0.2 | Q73: 2.9 | S73: =SUM(M73:Q73) -> 8.9 | T73: =COUNTIFS($Y:$Y, Y73, $S:$S, ">"&S73) + 1 -> 58 | U73: =0.85*E73+T73*0.15 -> 69.05 | V73: =100.4-0.4*W73 -> 71.6 | W73: =COUNTIFS($Y:$Y, Y73, $U:$U, "<"&U73) + 1 -> 72 | X73: 89 | Y73: 机械工程
A74: 197 | B74: 1120231004 | C74: 易星浩 | D74: =VLOOKUP([1]成绩单!B73,[1]Sheet1!$A:$K,4,0) -> 精工2312 | E74: 72 | F74: 0.808989 | G74: 77.1576 | H74: 61 | I74: 138 | J74: 2 | K74: 1 | L74: 是 | M74: 1 | N74: 0 | O74: 2.2 | P74: 0 | Q74: 0 | S74: =SUM(M74:Q74) -> 3.2 | T74: =COUNTIFS($Y:$Y, Y74, $S:$S, ">"&S74) + 1 -> 77 | U74: =0.85*E74+T74*0.15 -> 72.75 | V74: =100.4-0.4*W74 -> 71.2 | W74: =COUNTIFS($Y:$Y, Y74, $U:$U, "<"&U74) + 1 -> 73 | X74: 89 | Y74: 机械工程
A75: 198 | B75: 1120232881 | C75: 王甫杰 | D75: =VLOOKUP([1]成绩单!B79,[1]Sheet1!$A:$K,4,0) -> 精工2313 | E75: 78 | F75: 0.876404 | G75: 75.4651 | H75: 60 | I75: 136 | J75: 2 | K75: 1 | L75: 是 | M75: 0.45 | N75: 2 | O75: 3.1 | P75: 4.75 | Q75: 0.5 | S75: =SUM(M75:Q75) -> 10.8 | T75: =COUNTIFS($Y:$Y, Y75, $S:$S, ">"&S75) + 1 -> 51 | U75: =0.85*E75+T75*0.15 -> 73.95 | V75: =100.4-0.4*W75 -> 70.8 | W75: =COUNTIFS($Y:$Y, Y75, $U:$U, "<"&U75) + 1 -> 74 | X75: 89 | Y75: 机械工程
A76: 199 | B76: 1120232214 | C76: 龙治道 | D76: =VLOOKUP([1]成绩单!B74,[1]Sheet1!$A:$K,4,0) -> 精工2311 | E76: 73 | F76: 0.820225 | G76: 77.0625 | H76: 61 | I76: 136 | J76: 1 | K76: 1 | L76: 是 | M76: 1.2 | N76: 0 | O76: 0.65 | P76: 0 | Q76: 0 | S76: =SUM(M76:Q76) -> 1.85 | T76: =COUNTIFS($Y:$Y, Y76, $S:$S, ">"&S76) + 1 -> 82 | U76: =0.85*E76+T76*0.15 -> 74.35 | V76: =100.4-0.4*W76 -> 70.4 | W76: =COUNTIFS($Y:$Y, Y76, $U:$U, "<"&U76) + 1 -> 75 | X76: 89 | Y76: 机械工程
A77: 200 | B77: 1120233026 | C77: 毛俊 | D77: =VLOOKUP([1]成绩单!B75,[1]Sheet1!$A:$K,4,0) -> 精工2313 | E77: 74 | F77: 0.831461 | G77: 76.2684 | H77: 60 | I77: 136 | J77: 0 | K77: 0 | L77: 是 | M77: 0.75 | N77: 1.15 | O77: 0 | P77: -0.5 | Q77: 0.5 | S77: =SUM(M77:Q77) -> 1.9 | T77: =COUNTIFS($Y:$Y, Y77, $S:$S, ">"&S77) + 1 -> 81 | U77: =0.85*E77+T77*0.15 -> 75.05 | V77: =100.4-0.4*W77 -> 70 | W77: =COUNTIFS($Y:$Y, Y77, $U:$U, "<"&U77) + 1 -> 76 | X77: 89 | Y77: 机械工程
A78: 201 | B78: 1120231014 | C78: 汪珈民 | D78: =VLOOKUP([1]成绩单!B77,[1]Sheet1!$A:$K,4,0) -> 精工2310 | E78: 76 | F78: 0.853933 | G78: 76.2303 | H78: 58 | I78: 133.5 | J78: 1 | K78: 0 | L78: 是 | M78: 1.2 | N78: 0.6 | O78: 0.2 | P78: 0.5 | Q78: 0.2 | S78: =SUM(M78:Q78) -> 2.7 | T78: =COUNTIFS($Y:$Y, Y78, $S:$S, ">"&S78) + 1 -> 79 | U78: =0.85*E78+T78*0.15 -> 76.45 | V78: =100.4-0.4*W78 -> 69.6 | W78: =COUNTIFS($Y:$Y, Y78, $U:$U, "<"&U78) + 1 -> 77 | X78: 89 | Y78: 机械工程
A79: 202 | B79: 1120231015 | C79: 徐其定 | D79: =VLOOKUP([1]成绩单!B78,[1]Sheet1!$A:$K,4,0) -> 精工2311 | E79: 77 | F79: 0.865169 | G79: 75.7055 | H79: 58 | I79: 137.5 | J79: 1 | K79: 0 | L79: 是 | M79: 1 | N79: 2 | O79: 0.2 | P79: 0 | Q79: 0 | S79: =SUM(M79:Q79) -> 3.2 | T79: =COUNTIFS($Y:$Y, Y79, $S:$S, ">"&S79) + 1 -> 77 | U79: =0.85*E79+T79*0.15 -> 77 | V79: =100.4-0.4*W79 -> 69.2 | W79: =COUNTIFS($Y:$Y, Y79, $U:$U, "<"&U79) + 1 -> 78 | X79: 89 | Y79: 机械工程
A80: 203 | B80: 1120230986 | C80: 黄维韬 | D80: =VLOOKUP([1]成绩单!B81,[1]Sheet1!$A:$K,4,0) -> 精工2312 | E80: 80 | F80: 0.898876 | G80: 73.9325 | H80: 60 | I80: 137 | J80: 2 | K80: 0 | L80: 是 | M80: 2.7 | N80: 2.8 | O80: 0.3 | P80: 0 | Q80: 0 | S80: =SUM(M80:Q80) -> 5.8 | T80: =COUNTIFS($Y:$Y, Y80, $S:$S, ">"&S80) + 1 -> 71 | U80: =0.85*E80+T80*0.15 -> 78.65 | V80: =100.4-0.4*W80 -> 68.8 | W80: =COUNTIFS($Y:$Y, Y80, $U:$U, "<"&U80) + 1 -> 79 | X80: 89 | Y80: 机械工程
A81: 204 | B81: 1120231270 | C81: 凌梓竣 | D81: =VLOOKUP([1]成绩单!B83,[1]Sheet1!$A:$K,4,0) -> 精工2312 | E81: 82 | F81: 0.921348 | G81: 73.4164 | H81: 63 | I81: 140.5 | J81: 1 | K81: 0 | L81: 是 | M81: 1 | N81: 0 | O81: 3 | P81: 0.6 | Q81: 3.5 | S81: =SUM(M81:Q81) -> 8.1 | T81: =COUNTIFS($Y:$Y, Y81, $S:$S, ">"&S81) + 1 -> 60 | U81: =0.85*E81+T81*0.15 -> 78.7 | V81: =100.4-0.4*W81 -> 68.4 | W81: =COUNTIFS($Y:$Y, Y81, $U:$U, "<"&U81) + 1 -> 80 | X81: 89 | Y81: 机械工程
A82: 205 | B82: 1120230834 | C82: 王鹏 | D82: =VLOOKUP([1]成绩单!B85,[1]Sheet1!$A:$K,4,0) -> 精工2312 | E82: 84 | F82: 0.94382 | G82: 73.1985 | H82: 60 | I82: 136 | J82: 2 | K82: 1 | L82: 是 | M82: 2.1 | N82: 3.1 | O82: 4.9 | P82: 0.7 | Q82: 0 | S82: =SUM(M82:Q82) -> 10.8 | T82: =COUNTIFS($Y:$Y, Y82, $S:$S, ">"&S82) + 1 -> 51 | U82: =0.85*E82+T82*0.15 -> 79.05 | V82: =100.4-0.4*W82 -> 68 | W82: =COUNTIFS($Y:$Y, Y82, $U:$U, "<"&U82) + 1 -> 81 | X82: 89 | Y82: 机械工程
A83: 206 | B83: 1120233570 | C83: 杨景淏 | D83: =VLOOKUP([1]成绩单!B80,[1]Sheet1!$A:$K,4,0) -> 精工2311 | E83: 79 | F83: 0.88764 | G83: 74.4875 | H83: 62 | I83: 140 | J83: 1 | K83: 1 | L83: 是 | M83: 0 | N83: 0 | O83: 0 | P83: 0 | Q83: 0 | S83: =SUM(M83:Q83) -> 0 | T83: =COUNTIFS($Y:$Y, Y83, $S:$S, ">"&S83) + 1 -> 84 | U83: =0.85*E83+T83*0.15 -> 79.75 | V83: =100.4-0.4*W83 -> 67.6 | W83: =COUNTIFS($Y:$Y, Y83, $U:$U, "<"&U83) + 1 -> 82 | X83: 89 | Y83: 机械工程
A84: 207 | B84: 1120233701 | C84: 伊孜巴萨尔·艾山江 | D84: =VLOOKUP([1]成绩单!B84,[1]Sheet1!$A:$K,4,0) -> 精工2313 | E84: 83 | F84: 0.932584 | G84: 73.3217 | H84: 60 | I84: 136 | J84: 2 | K84: 1 | L84: 是 | M84: 3.2 | N84: 4.9 | O84: 0 | P84: -1.5 | Q84: 0 | S84: =SUM(M84:Q84) -> 6.6 | T84: =COUNTIFS($Y:$Y, Y84, $S:$S, ">"&S84) + 1 -> 66 | U84: =0.85*E84+T84*0.15 -> 80.45 | V84: =100.4-0.4*W84 -> 67.2 | W84: =COUNTIFS($Y:$Y, Y84, $U:$U, "<"&U84) + 1 -> 83 | X84: 89 | Y84: 机械工程
A85: 208 | B85: 1120232201 | C85: 梁明宇 | D85: =VLOOKUP([1]成绩单!B82,[1]Sheet1!$A:$K,4,0) -> 精工2311 | E85: 81 | F85: 0.910112 | G85: 73.5588 | H85: 60 | I85: 136 | J85: 2 | K85: 2 | L85: 是 | M85: 0 | N85: -0.25 | O85: 3 | P85: -0.5 | Q85: 0 | S85: =SUM(M85:Q85) -> 2.25 | T85: =COUNTIFS($Y:$Y, Y85, $S:$S, ">"&S85) + 1 -> 80 | U85: =0.85*E85+T85*0.15 -> 80.85 | V85: =100.4-0.4*W85 -> 66.8 | W85: =COUNTIFS($Y:$Y, Y85, $U:$U, "<"&U85) + 1 -> 84 | X85: 89 | Y85: 机械工程
A86: 209 | B86: 1120232504 | C86: 罗予婕 | D86: =VLOOKUP([1]成绩单!B89,[1]Sheet1!$A:$K,4,0) -> 精工2310 | E86: 88 | F86: 0.988764 | G86: 66.2104 | H86: 62 | I86: 139 | J86: 7 | K86: 4 | L86: 是 | M86: 2.5 | N86: 3 | O86: 2.5 | P86: 1.8 | Q86: 2.25 | S86: =SUM(M86:Q86) -> 12.05 | T86: =COUNTIFS($Y:$Y, Y86, $S:$S, ">"&S86) + 1 -> 50 | U86: =0.85*E86+T86*0.15 -> 82.3 | V86: =100.4-0.4*W86 -> 66.4 | W86: =COUNTIFS($Y:$Y, Y86, $U:$U, "<"&U86) + 1 -> 85 | X86: 89 | Y86: 机械工程
A87: 210 | B87: 1120231449 | C87: 张彦迪 | D87: =VLOOKUP([1]成绩单!B88,[1]Sheet1!$A:$K,4,0) -> 精工2312 | E87: 87 | F87: 0.977528 | G87: 66.6636 | H87: 60 | I87: 136 | J87: 6 | K87: 5 | L87: 是 | M87: 3 | N87: 2 | O87: 2.5 | P87: 1 | Q87: 0 | S87: =SUM(M87:Q87) -> 8.5 | T87: =COUNTIFS($Y:$Y, Y87, $S:$S, ">"&S87) + 1 -> 59 | U87: =0.85*E87+T87*0.15 -> 82.8 | V87: =100.4-0.4*W87 -> 66 | W87: =COUNTIFS($Y:$Y, Y87, $U:$U, "<"&U87) + 1 -> 86 | X87: 89 | Y87: 机械工程
A88: 211 | B88: 1120232718 | C88: 钟宸 | D88: =VLOOKUP([1]成绩单!B86,[1]Sheet1!$A:$K,4,0) -> 精工2313 | E88: 85 | F88: 0.955056 | G88: 70.2558 | H88: 55 | I88: 130 | J88: 4 | K88: 1 | L88: 是 | M88: 0 | N88: -1.5 | O88: 0 | P88: -1.5 | Q88: 0 | S88: =SUM(M88:Q88) -> -3 | T88: =COUNTIFS($Y:$Y, Y88, $S:$S, ">"&S88) + 1 -> 89 | U88: =0.85*E88+T88*0.15 -> 85.6 | V88: =100.4-0.4*W88 -> 65.6 | W88: =COUNTIFS($Y:$Y, Y88, $U:$U, "<"&U88) + 1 -> 87 | X88: 89 | Y88: 机械工程
A89: 212 | B89: 1120232216 | C89: 姚智议 | D89: =VLOOKUP([1]成绩单!B90,[1]Sheet1!$A:$K,4,0) -> 精工2312 | E89: 89 | F89: 1 | G89: 65.9873 | H89: 62 | I89: 138 | J89: 7 | K89: 2 | L89: 是 | M89: 2.2 | N89: 0.75 | O89: 1.8 | P89: 1.5 | Q89: 0 | S89: =SUM(M89:Q89) -> 6.25 | T89: =COUNTIFS($Y:$Y, Y89, $S:$S, ">"&S89) + 1 -> 69 | U89: =0.85*E89+T89*0.15 -> 86 | V89: =100.4-0.4*W89 -> 65.2 | W89: =COUNTIFS($Y:$Y, Y89, $U:$U, "<"&U89) + 1 -> 88 | X89: 89 | Y89: 机械工程
A90: 213 | B90: 1120230995 | C90: 黎广翔 | D90: =VLOOKUP([1]成绩单!B87,[1]Sheet1!$A:$K,4,0) -> 精工2313 | E90: 86 | F90: 0.966292 | G90: 70.0368 | H90: 60 | I90: 136 | J90: 3 | K90: 2 | L90: 是 | M90: 0 | N90: 0 | O90: 0 | P90: -1.5 | Q90: 0 | S90: =SUM(M90:Q90) -> -1.5 | T90: =COUNTIFS($Y:$Y, Y90, $S:$S, ">"&S90) + 1 -> 88 | U90: =0.85*E90+T90*0.15 -> 86.3 | V90: =100.4-0.4*W90 -> 64.8 | W90: =COUNTIFS($Y:$Y, Y90, $U:$U, "<"&U90) + 1 -> 89 | X90: 89 | Y90: 机械工程

Sheet 能源与动力工程
A1: 序号 | B1: 学号 | C1: 姓名 | D1: 班级 | E1: 课程成绩 本专业名 次 | F1: 课程成绩本 专业排名百 分比 | G1: 课程成绩计算结果 | H1: 纳入计算 的课程数 | I1: 纳入计算课程 获得总学分 | J1: 不及格课 程门数 | K1: 不及格课 程已通过 门数 | L1: 是否通过全 国大学英语 四级 | M1: 第1学期其他表现 | N1: 第2学期其他表现 | O1: 第3学期其他表现 | P1: 第4学期其他表现 | Q1: 第5学期其他表现 | R1: 第6学期其他表现 | S1: 其他表现成绩 | T1: 其他表现 排名名次 | U1: 综合成绩 | V1: 综合 成绩 | W1: 综合排名 名次 | X1: 排名 人数 | Y1: 专业 | Z1: 备注
A2: 227 | B2: 1120232224 | C2: 胡文政 | D2: =VLOOKUP([1]成绩单!B3,[1]Sheet1!$A:$K,4,0) -> 精工2311 | E2: 2 | F2: 0.03125 | G2: 90.3921 | H2: 61 | I2: 139 | J2: 0 | K2: 0 | L2: 是 | M2: 1.95 | N2: 1 | O2: 5 | P2: 7.2 | Q2: 9.8 | S2: =SUM(M2:Q2) -> 24.95 | T2: =COUNTIFS($Y:$Y, Y2, $S:$S, ">"&S2) + 1 -> 11 | U2: =0.85*E2+T2*0.15 -> 3.35 | V2: =100.4-0.4*W2 -> 100 | W2: =COUNTIFS($Y:$Y, Y2, $U:$U, "<"&U2) + 1 -> 1 | X2: 64 | Y2: 能源与动力工程
A3: 228 | B3: 1120232762 | C3: 廖方瑛 | D3: =VLOOKUP([1]成绩单!B5,[1]Sheet1!$A:$K,4,0) -> 精工2311 | E3: 4 | F3: 0.0625 | G3: 88.1556 | H3: 68 | I3: 151 | J3: 1 | K3: 1 | L3: 是 | M3: 2.95 | N3: 3.5 | O3: 13 | P3: 6.7 | Q3: 11.3 | S3: =SUM(M3:Q3) -> 37.45 | T3: =COUNTIFS($Y:$Y, Y3, $S:$S, ">"&S3) + 1 -> 2 | U3: =0.85*E3+T3*0.15 -> 3.7 | V3: =100.4-0.4*W3 -> 99.6 | W3: =COUNTIFS($Y:$Y, Y3, $U:$U, "<"&U3) + 1 -> 2 | X3: 64 | Y3: 能源与动力工程
A4: 229 | B4: 1120230820 | C4: 张哲源 | D4: =VLOOKUP([1]成绩单!B4,[1]Sheet1!$A:$K,4,0) -> 精工2310 | E4: 3 | F4: 0.046875 | G4: 89.6481 | H4: 63 | I4: 139.25 | J4: 0 | K4: 0 | L4: 是 | M4: 1.75 | N4: 2.6 | O4: 5.5 | P4: 8.5 | Q4: 6 | S4: =SUM(M4:Q4) -> 24.35 | T4: =COUNTIFS($Y:$Y, Y4, $S:$S, ">"&S4) + 1 -> 13 | U4: =0.85*E4+T4*0.15 -> 4.5 | V4: =100.4-0.4*W4 -> 99.2 | W4: =COUNTIFS($Y:$Y, Y4, $U:$U, "<"&U4) + 1 -> 3 | X4: 64 | Y4: 能源与动力工程
A5: 230 | B5: 1120232494 | C5: 纳旭辉 | D5: =VLOOKUP([1]成绩单!B7,[1]Sheet1!$A:$K,4,0) -> 精工2312 | E5: 6 | F5: 0.09375 | G5: 87.633 | H5: 62 | I5: 141 | J5: 0 | K5: 0 | L5: 是 | M5: 3.8 | N5: 2 | O5: 9.1 | P5: 6.6 | Q5: 7 | S5: =SUM(M5:Q5) -> 28.5 | T5: =COUNTIFS($Y:$Y, Y5, $S:$S, ">"&S5) + 1 -> 8 | U5: =0.85*E5+T5*0.15 -> 6.3 | V5: =100.4-0.4*W5 -> 98.8 | W5: =COUNTIFS($Y:$Y, Y5, $U:$U, "<"&U5) + 1 -> 4 | X5: 64 | Y5: 能源与动力工程
A6: 231 | B6: 1120230992 | C6: 上官文超 | D6: =VLOOKUP([1]成绩单!B2,[1]Sheet1!$A:$K,4,0) -> 精工2310 | E6: 1 | F6: 0.015625 | G6: 90.5279 | H6: 70 | I6: 152.5 | J6: 0 | K6: 0 | L6: 是 | M6: 2.1 | N6: 0 | O6: 0.8 | P6: 1 | Q6: 0 | S6: =SUM(M6:Q6) -> 3.9 | T6: =COUNTIFS($Y:$Y, Y6, $S:$S, ">"&S6) + 1 -> 41 | U6: =0.85*E6+T6*0.15 -> 7 | V6: =100.4-0.4*W6 -> 98.4 | W6: =COUNTIFS($Y:$Y, Y6, $U:$U, "<"&U6) + 1 -> 5 | X6: 64 | Y6: 能源与动力工程
A7: 232 | B7: 1120231419 | C7: 沈红博 | D7: =VLOOKUP([1]成绩单!B9,[1]Sheet1!$A:$K,4,0) -> 精工2311 | E7: 8 | F7: 0.125 | G7: 87.0912 | H7: 68 | I7: 148 | J7: 0 | K7: 0 | L7: 是 | M7: 4.1 | N7: 4 | O7: 4.5 | P7: 5.5 | Q7: 8.3 | S7: =SUM(M7:Q7) -> 26.4 | T7: =COUNTIFS($Y:$Y, Y7, $S:$S, ">"&S7) + 1 -> 10 | U7: =0.85*E7+T7*0.15 -> 8.3 | V7: =100.4-0.4*W7 -> 98 | W7: =COUNTIFS($Y:$Y, Y7, $U:$U, "<"&U7) + 1 -> 6 | X7: 64 | Y7: 能源与动力工程
A8: 233 | B8: 1120230363 | C8: 匡锐 | D8: =VLOOKUP([1]成绩单!B6,[1]Sheet1!$A:$K,4,0) -> 精工2310 | E8: 5 | F8: 0.078125 | G8: 87.764 | H8: 64 | I8: 143 | J8: 0 | K8: 0 | L8: 是 | M8: 2.1 | N8: 0.85 | O8: 1 | P8: 1 | Q8: 0 | S8: =SUM(M8:Q8) -> 4.95 | T8: =COUNTIFS($Y:$Y, Y8, $S:$S, ">"&S8) + 1 -> 37 | U8: =0.85*E8+T8*0.15 -> 9.8 | V8: =100.4-0.4*W8 -> 97.6 | W8: =COUNTIFS($Y:$Y, Y8, $U:$U, "<"&U8) + 1 -> 7 | X8: 64 | Y8: 能源与动力工程
A9: 234 | B9: 1120232902 | C9: 袁天泽 | D9: =VLOOKUP([1]成绩单!B11,[1]Sheet1!$A:$K,4,0) -> 精工2311 | E9: 10 | F9: 0.15625 | G9: 86.7609 | H9: 67 | I9: 149.5 | J9: 0 | K9: 0 | L9: 是 | M9: 2.65 | N9: 4.3 | O9: 6 | P9: 4.6 | Q9: 10.4 | S9: =SUM(M9:Q9) -> 27.95 | T9: =COUNTIFS($Y:$Y, Y9, $S:$S, ">"&S9) + 1 -> 9 | U9: =0.85*E9+T9*0.15 -> 9.85 | V9: =100.4-0.4*W9 -> 97.2 | W9: =COUNTIFS($Y:$Y, Y9, $U:$U, "<"&U9) + 1 -> 8 | X9: 64 | Y9: 能源与动力工程
A10: 235 | B10: 1120232359 | C10: 连奕晨 | D10: =VLOOKUP([1]成绩单!B10,[1]Sheet1!$A:$K,4,0) -> 精工2312 | E10: 9 | F10: 0.140625 | G10: 86.9586 | H10: 61 | I10: 139 | J10: 0 | K10: 0 | L10: 是 | M10: 2.2 | N10: 1 | O10: 2.35 | P10: 10.2 | Q10: 2.5 | S10: =SUM(M10:Q10) -> 18.25 | T10: =COUNTIFS($Y:$Y, Y10, $S:$S, ">"&S10) + 1 -> 16 | U10: =0.85*E10+T10*0.15 -> 10.05 | V10: =100.4-0.4*W10 -> 96.8 | W10: =COUNTIFS($Y:$Y, Y10, $U:$U, "<"&U10) + 1 -> 9 | X10: 64 | Y10: 能源与动力工程
A11: 236 | B11: 1120231776 | C11: 高居宸 | D11: =VLOOKUP([1]成绩单!B8,[1]Sheet1!$A:$K,4,0) -> 精工2313 | E11: 7 | F11: 0.109375 | G11: 87.117 | H11: 62 | I11: 141 | J11: 0 | K11: 0 | L11: 是 | M11: 1 | N11: 0 | O11: 1 | P11: 1.8 | Q11: 1 | S11: =SUM(M11:Q11) -> 4.8 | T11: =COUNTIFS($Y:$Y, Y11, $S:$S, ">"&S11) + 1 -> 38 | U11: =0.85*E11+T11*0.15 -> 11.65 | V11: =100.4-0.4*W11 -> 96.4 | W11: =COUNTIFS($Y:$Y, Y11, $U:$U, "<"&U11) + 1 -> 10 | X11: 64 | Y11: 能源与动力工程
A12: 237 | B12: 1120231028 | C12: 叶佳玮 | D12: =VLOOKUP([1]成绩单!B13,[1]Sheet1!$A:$K,4,0) -> 精工2313 | E12: 12 | F12: 0.1875 | G12: 83.964 | H12: 61 | I12: 139 | J12: 0 | K12: 0 | L12: 是 | M12: 2.3 | N12: 3.5 | O12: 4.3 | P12: 4.8 | Q12: 9.7 | S12: =SUM(M12:Q12) -> 24.6 | T12: =COUNTIFS($Y:$Y, Y12, $S:$S, ">"&S12) + 1 -> 12 | U12: =0.85*E12+T12*0.15 -> 12 | V12: =100.4-0.4*W12 -> 96 | W12: =COUNTIFS($Y:$Y, Y12, $U:$U, "<"&U12) + 1 -> 11 | X12: 64 | Y12: 能源与动力工程
A13: 238 | B13: 1120230999 | C13: 杨宁 | D13: =VLOOKUP([1]成绩单!B12,[1]Sheet1!$A:$K,4,0) -> 精工2312 | E13: 11 | F13: 0.171875 | G13: 84.6303 | H13: 63 | I13: 142 | J13: 0 | K13: 0 | L13: 是 | M13: 0.15 | N13: 4 | O13: 1.8 | P13: 2.2 | Q13: 2 | S13: =SUM(M13:Q13) -> 10.15 | T13: =COUNTIFS($Y:$Y, Y13, $S:$S, ">"&S13) + 1 -> 26 | U13: =0.85*E13+T13*0.15 -> 13.25 | V13: =100.4-0.4*W13 -> 95.6 | W13: =COUNTIFS($Y:$Y, Y13, $U:$U, "<"&U13) + 1 -> 12 | X13: 64 | Y13: 能源与动力工程
A14: 239 | B14: 1120231760 | C14: 刘谕林 | D14: =VLOOKUP([1]成绩单!B14,[1]Sheet1!$A:$K,4,0) -> 精工2313 | E14: 13 | F14: 0.203125 | G14: 83.8549 | H14: 63 | I14: 143 | J14: 0 | K14: 0 | L14: 是 | M14: 2.4 | N14: 2.7 | O14: 4.8 | P14: 4.3 | Q14: 6.2 | S14: =SUM(M14:Q14) -> 20.4 | T14: =COUNTIFS($Y:$Y, Y14, $S:$S, ">"&S14) + 1 -> 15 | U14: =0.85*E14+T14*0.15 -> 13.3 | V14: =100.4-0.4*W14 -> 95.2 | W14: =COUNTIFS($Y:$Y, Y14, $U:$U, "<"&U14) + 1 -> 13 | X14: 64 | Y14: 能源与动力工程
A15: 240 | B15: 1120232044 | C15: 谭凯阳 | D15: =VLOOKUP([1]成绩单!B17,[1]Sheet1!$A:$K,4,0) -> 精工2313 | E15: 16 | F15: 0.25 | G15: 83.3129 | H15: 61 | I15: 139 | J15: 0 | K15: 0 | L15: 是 | M15: 4.5 | N15: 2 | O15: 7.1 | P15: 15.8 | Q15: 8.7 | S15: =SUM(M15:Q15) -> 38.1 | T15: =COUNTIFS($Y:$Y, Y15, $S:$S, ">"&S15) + 1 -> 1 | U15: =0.85*E15+T15*0.15 -> 13.75 | V15: =100.4-0.4*W15 -> 94.8 | W15: =COUNTIFS($Y:$Y, Y15, $U:$U, "<"&U15) + 1 -> 14 | X15: 64 | Y15: 能源与动力工程
A16: 241 | B16: 1120232500 | C16: 何思明 | D16: =VLOOKUP([1]成绩单!B15,[1]Sheet1!$A:$K,4,0) -> 精工2311 | E16: 14 | F16: 0.21875 | G16: 83.5556 | H16: 62 | I16: 139.5 | J16: 0 | K16: 0 | L16: 是 | M16: 1.6 | N16: 2.2 | O16: 0.7 | P16: 5.9 | Q16: 2.7 | S16: =SUM(M16:Q16) -> 13.1 | T16: =COUNTIFS($Y:$Y, Y16, $S:$S, ">"&S16) + 1 -> 20 | U16: =0.85*E16+T16*0.15 -> 14.9 | V16: =100.4-0.4*W16 -> 94.4 | W16: =COUNTIFS($Y:$Y, Y16, $U:$U, "<"&U16) + 1 -> 15 | X16: 64 | Y16: 能源与动力工程
A17: 242 | B17: 1120231264 | C17: 俸杨珂 | D17: =VLOOKUP([1]成绩单!B16,[1]Sheet1!$A:$K,4,0) -> 精工2310 | E17: 15 | F17: 0.234375 | G17: 83.3794 | H17: 62 | I17: 141 | J17: 0 | K17: 0 | L17: 是 | M17: 1.3 | N17: 1 | O17: 2.55 | P17: 3.5 | Q17: 6 | S17: =SUM(M17:Q17) -> 14.35 | T17: =COUNTIFS($Y:$Y, Y17, $S:$S, ">"&S17) + 1 -> 19 | U17: =0.85*E17+T17*0.15 -> 15.6 | V17: =100.4-0.4*W17 -> 94 | W17: =COUNTIFS($Y:$Y, Y17, $U:$U, "<"&U17) + 1 -> 16 | X17: 64 | Y17: 能源与动力工程
A18: 243 | B18: 1120232313 | C18: 王骏玮 | D18: =VLOOKUP([1]成绩单!B20,[1]Sheet1!$A:$K,4,0) -> 精工2312 | E18: 19 | F18: 0.296875 | G18: 82.4677 | H18: 66 | I18: 147 | J18: 0 | K18: 0 | L18: 是 | M18: 3.2 | N18: 2 | O18: 5 | P18: 16.9 | Q18: 6.3 | S18: =SUM(M18:Q18) -> 33.4 | T18: =COUNTIFS($Y:$Y, Y18, $S:$S, ">"&S18) + 1 -> 4 | U18: =0.85*E18+T18*0.15 -> 16.75 | V18: =100.4-0.4*W18 -> 93.6 | W18: =COUNTIFS($Y:$Y, Y18, $U:$U, "<"&U18) + 1 -> 17 | X18: 64 | Y18: 能源与动力工程
A19: 244 | B19: 1120231749 | C19: 王子木 | D19: =VLOOKUP([1]成绩单!B18,[1]Sheet1!$A:$K,4,0) -> 精工2311 | E19: 17 | F19: 0.265625 | G19: 83.088 | H19: 63 | I19: 142 | J19: 0 | K19: 0 | L19: 是 | M19: 0.35 | N19: 0.4 | O19: 1.5 | P19: 2.7 | Q19: 1.2 | S19: =SUM(M19:Q19) -> 6.15 | T19: =COUNTIFS($Y:$Y, Y19, $S:$S, ">"&S19) + 1 -> 35 | U19: =0.85*E19+T19*0.15 -> 19.7 | V19: =100.4-0.4*W19 -> 93.2 | W19: =COUNTIFS($Y:$Y, Y19, $U:$U, "<"&U19) + 1 -> 18 | X19: 64 | Y19: 能源与动力工程
A20: 245 | B20: 1120231276 | C20: 陈玺 | D20: =VLOOKUP([1]成绩单!B22,[1]Sheet1!$A:$K,4,0) -> 精工2310 | E20: 21 | F20: 0.328125 | G20: 81.2464 | H20: 62 | I20: 139 | J20: 0 | K20: 0 | L20: 否 | M20: 2.5 | N20: 1 | O20: 4 | P20: 2 | Q20: 6.2 | S20: =SUM(M20:Q20) -> 15.7 | T20: =COUNTIFS($Y:$Y, Y20, $S:$S, ">"&S20) + 1 -> 17 | U20: =0.85*E20+T20*0.15 -> 20.4 | V20: =100.4-0.4*W20 -> 92.8 | W20: =COUNTIFS($Y:$Y, Y20, $U:$U, "<"&U20) + 1 -> 19 | X20: 64 | Y20: 能源与动力工程
A21: 246 | B21: 1120231759 | C21: 王天宋 | D21: =VLOOKUP([1]成绩单!B21,[1]Sheet1!$A:$K,4,0) -> 精工2313 | E21: 20 | F21: 0.3125 | G21: 81.9137 | H21: 61 | I21: 139 | J21: 1 | K21: 1 | L21: 是 | M21: 1.5 | N21: 1.615 | O21: 2 | P21: 1 | Q21: 4.5 | S21: =SUM(M21:Q21) -> 10.615 | T21: =COUNTIFS($Y:$Y, Y21, $S:$S, ">"&S21) + 1 -> 24 | U21: =0.85*E21+T21*0.15 -> 20.6 | V21: =100.4-0.4*W21 -> 92.4 | W21: =COUNTIFS($Y:$Y, Y21, $U:$U, "<"&U21) + 1 -> 20 | X21: 64 | Y21: 能源与动力工程
A22: 247 | B22: 1120230827 | C22: 李泉霖 | D22: =VLOOKUP([1]成绩单!B19,[1]Sheet1!$A:$K,4,0) -> 精工2311 | E22: 18 | F22: 0.28125 | G22: 82.9307 | H22: 60 | I22: 137 | J22: 0 | K22: 0 | L22: 是 | M22: 0.7 | N22: 0.8 | O22: 0 | P22: 0.85 | Q22: 1 | S22: =SUM(M22:Q22) -> 3.35 | T22: =COUNTIFS($Y:$Y, Y22, $S:$S, ">"&S22) + 1 -> 42 | U22: =0.85*E22+T22*0.15 -> 21.6 | V22: =100.4-0.4*W22 -> 92 | W22: =COUNTIFS($Y:$Y, Y22, $U:$U, "<"&U22) + 1 -> 21 | X22: 64 | Y22: 能源与动力工程
A23: 248 | B23: 1120233022 | C23: 王一鸣 | D23: =VLOOKUP([1]成绩单!B26,[1]Sheet1!$A:$K,4,0) -> 精工2311 | E23: 25 | F23: 0.390625 | G23: 80.2559 | H23: 66 | I23: 147.5 | J23: 0 | K23: 0 | L23: 是 | M23: 4.1 | N23: 4.6 | O23: 5.4 | P23: 6.9 | Q23: 8.8 | S23: =SUM(M23:Q23) -> 29.8 | T23: =COUNTIFS($Y:$Y, Y23, $S:$S, ">"&S23) + 1 -> 6 | U23: =0.85*E23+T23*0.15 -> 22.15 | V23: =100.4-0.4*W23 -> 91.6 | W23: =COUNTIFS($Y:$Y, Y23, $U:$U, "<"&U23) + 1 -> 22 | X23: 64 | Y23: 能源与动力工程
A24: 249 | B24: 1120231422 | C24: 刘泰一 | D24: =VLOOKUP([1]成绩单!B27,[1]Sheet1!$A:$K,4,0) -> 精工2312 | E24: 26 | F24: 0.40625 | G24: 80.2014 | H24: 61 | I24: 139 | J24: 1 | K24: 0 | L24: 是 | M24: 4.5 | N24: 8.05 | O24: 8 | P24: 6 | Q24: 7.64 | S24: =SUM(M24:Q24) -> 34.19 | T24: =COUNTIFS($Y:$Y, Y24, $S:$S, ">"&S24) + 1 -> 3 | U24: =0.85*E24+T24*0.15 -> 22.55 | V24: =100.4-0.4*W24 -> 91.2 | W24: =COUNTIFS($Y:$Y, Y24, $U:$U, "<"&U24) + 1 -> 23 | X24: 64 | Y24: 能源与动力工程
A25: 250 | B25: 1120231657 | C25: 宿浩然 | D25: =VLOOKUP([1]成绩单!B23,[1]Sheet1!$A:$K,4,0) -> 精工2312 | E25: 22 | F25: 0.34375 | G25: 81.2096 | H25: 60 | I25: 136 | J25: 0 | K25: 0 | L25: 是 | M25: 2.2 | N25: 2.6 | O25: 2.75 | P25: 1.8 | Q25: 0 | S25: =SUM(M25:Q25) -> 9.35 | T25: =COUNTIFS($Y:$Y, Y25, $S:$S, ">"&S25) + 1 -> 28 | U25: =0.85*E25+T25*0.15 -> 22.9 | V25: =100.4-0.4*W25 -> 90.8 | W25: =COUNTIFS($Y:$Y, Y25, $U:$U, "<"&U25) + 1 -> 24 | X25: 64 | Y25: 能源与动力工程
A26: 251 | B26: 1120232289 | C26: 张航 | D26: =VLOOKUP([1]成绩单!B29,[1]Sheet1!$A:$K,4,0) -> 精工2312 | E26: 28 | F26: 0.4375 | G26: 78.5875 | H26: 62 | I26: 140 | J26: 2 | K26: 2 | L26: 是 | M26: 3 | N26: 4 | O26: 10 | P26: 6.8 | Q26: 5 | S26: =SUM(M26:Q26) -> 28.8 | T26: =COUNTIFS($Y:$Y, Y26, $S:$S, ">"&S26) + 1 -> 7 | U26: =0.85*E26+T26*0.15 -> 24.85 | V26: =100.4-0.4*W26 -> 90.4 | W26: =COUNTIFS($Y:$Y, Y26, $U:$U, "<"&U26) + 1 -> 25 | X26: 64 | Y26: 能源与动力工程
A27: 252 | B27: 1120232211 | C27: 罗丹颖 | D27: =VLOOKUP([1]成绩单!B32,[1]Sheet1!$A:$K,4,0) -> 精工2310 | E27: 31 | F27: 0.484375 | G27: 75.2821 | H27: 62 | I27: 140 | J27: 1 | K27: 1 | L27: 是 | M27: 6.25 | N27: 7.2 | O27: 8.4 | P27: 6.2 | Q27: 3.8 | S27: =SUM(M27:Q27) -> 31.85 | T27: =COUNTIFS($Y:$Y, Y27, $S:$S, ">"&S27) + 1 -> 5 | U27: =0.85*E27+T27*0.15 -> 27.1 | V27: =100.4-0.4*W27 -> 90 | W27: =COUNTIFS($Y:$Y, Y27, $U:$U, "<"&U27) + 1 -> 26 | X27: 64 | Y27: 能源与动力工程
A28: 253 | B28: 1120231764 | C28: 宋嘉欣 | D28: =VLOOKUP([1]成绩单!B31,[1]Sheet1!$A:$K,4,0) -> 精工2313 | E28: 30 | F28: 0.46875 | G28: 75.8 | H28: 62 | I28: 140 | J28: 1 | K28: 0 | L28: 是 | M28: 1.3 | N28: 2.3 | O28: 4 | P28: 5.64 | Q28: 2 | S28: =SUM(M28:Q28) -> 15.24 | T28: =COUNTIFS($Y:$Y, Y28, $S:$S, ">"&S28) + 1 -> 18 | U28: =0.85*E28+T28*0.15 -> 28.2 | V28: =100.4-0.4*W28 -> 89.6 | W28: =COUNTIFS($Y:$Y, Y28, $U:$U, "<"&U28) + 1 -> 27 | X28: 64 | Y28: 能源与动力工程
A29: 254 | B29: 1120231285 | C29: 吴奇峻 | D29: =VLOOKUP([1]成绩单!B24,[1]Sheet1!$A:$K,4,0) -> 精工2312 | E29: 23 | F29: 0.359375 | G29: 80.9964 | H29: 61 | I29: 139 | J29: 0 | K29: 0 | L29: 是 | M29: 0 | N29: -0.5 | O29: 0 | P29: 0 | Q29: 0 | S29: =SUM(M29:Q29) -> -0.5 | T29: =COUNTIFS($Y:$Y, Y29, $S:$S, ">"&S29) + 1 -> 63 | U29: =0.85*E29+T29*0.15 -> 29 | V29: =100.4-0.4*W29 -> 89.2 | W29: =COUNTIFS($Y:$Y, Y29, $U:$U, "<"&U29) + 1 -> 28 | X29: 64 | Y29: 能源与动力工程
A30: 255 | B30: 1120232904 | C30: 孙林 | D30: =VLOOKUP([1]成绩单!B30,[1]Sheet1!$A:$K,4,0) -> 精工2310 | E30: 29 | F30: 0.453125 | G30: 77.4871 | H30: 60 | I30: 136 | J30: 0 | K30: 0 | L30: 是 | M30: 1 | N30: 2 | O30: 2 | P30: 2.5 | Q30: 1 | S30: =SUM(M30:Q30) -> 8.5 | T30: =COUNTIFS($Y:$Y, Y30, $S:$S, ">"&S30) + 1 -> 30 | U30: =0.85*E30+T30*0.15 -> 29.15 | V30: =100.4-0.4*W30 -> 88.8 | W30: =COUNTIFS($Y:$Y, Y30, $U:$U, "<"&U30) + 1 -> 29 | X30: 64 | Y30: 能源与动力工程
A31: 256 | B31: 1120230419 | C31: 夏子涵 | D31: =VLOOKUP([1]成绩单!B33,[1]Sheet1!$A:$K,4,0) -> 精工2312 | E31: 32 | F31: 0.5 | G31: 75.0917 | H31: 61 | I31: 139 | J31: 2 | K31: 1 | L31: 是 | M31: 2.2 | N31: 2.8 | O31: 3.7 | P31: 4.7 | Q31: 9.1 | S31: =SUM(M31:Q31) -> 22.5 | T31: =COUNTIFS($Y:$Y, Y31, $S:$S, ">"&S31) + 1 -> 14 | U31: =0.85*E31+T31*0.15 -> 29.3 | V31: =100.4-0.4*W31 -> 88.4 | W31: =COUNTIFS($Y:$Y, Y31, $U:$U, "<"&U31) + 1 -> 30 | X31: 64 | Y31: 能源与动力工程
A32: 257 | B32: 1120231445 | C32: 徐嘉阳 | D32: =VLOOKUP([1]成绩单!B28,[1]Sheet1!$A:$K,4,0) -> 精工2313 | E32: 27 | F32: 0.421875 | G32: 78.8065 | H32: 62 | I32: 139.5 | J32: 0 | K32: 0 | L32: 是 | M32: 0 | N32: 0 | O32: 1.5 | P32: 0.9 | Q32: 0.9 | S32: =SUM(M32:Q32) -> 3.3 | T32: =COUNTIFS($Y:$Y, Y32, $S:$S, ">"&S32) + 1 -> 43 | U32: =0.85*E32+T32*0.15 -> 29.4 | V32: =100.4-0.4*W32 -> 88 | W32: =COUNTIFS($Y:$Y, Y32, $U:$U, "<"&U32) + 1 -> 31 | X32: 64 | Y32: 能源与动力工程
A33: 258 | B33: 1120231782 | C33: 左文博 | D33: =VLOOKUP([1]成绩单!B25,[1]Sheet1!$A:$K,4,0) -> 精工2312 | E33: 24 | F33: 0.375 | G33: 80.6176 | H33: 64 | I33: 144.5 | J33: 0 | K33: 0 | L33: 是 | M33: 0.2 | N33: 0 | O33: 0.2 | P33: -0.8 | Q33: 0.2 | S33: =SUM(M33:Q33) -> -0.2 | T33: =COUNTIFS($Y:$Y, Y33, $S:$S, ">"&S33) + 1 -> 62 | U33: =0.85*E33+T33*0.15 -> 29.7 | V33: =100.4-0.4*W33 -> 87.6 | W33: =COUNTIFS($Y:$Y, Y33, $U:$U, "<"&U33) + 1 -> 32 | X33: 64 | Y33: 能源与动力工程
A34: 259 | B34: 1120231268 | C34: 覃章 | D34: =VLOOKUP([1]成绩单!B37,[1]Sheet1!$A:$K,4,0) -> 精工2313 | E34: 36 | F34: 0.5625 | G34: 74.0585 | H34: 63 | I34: 141 | J34: 2 | K34: 2 | L34: 是 | M34: 1.7 | N34: 3 | O34: 3.5 | P34: 1.5 | Q34: 2.2 | S34: =SUM(M34:Q34) -> 11.9 | T34: =COUNTIFS($Y:$Y, Y34, $S:$S, ">"&S34) + 1 -> 21 | U34: =0.85*E34+T34*0.15 -> 33.75 | V34: =100.4-0.4*W34 -> 87.2 | W34: =COUNTIFS($Y:$Y, Y34, $U:$U, "<"&U34) + 1 -> 33 | X34: 64 | Y34: 能源与动力工程
A35: 260 | B35: 1120230215 | C35: 高杨 | D35: =VLOOKUP([1]成绩单!B35,[1]Sheet1!$A:$K,4,0) -> 精工2310 | E35: 34 | F35: 0.53125 | G35: 74.7822 | H35: 64 | I35: 143.5 | J35: 1 | K35: 1 | L35: 是 | M35: 2.7 | N35: 0.775 | O35: 1.4 | P35: 0.2 | Q35: 1.2 | S35: =SUM(M35:Q35) -> 6.275 | T35: =COUNTIFS($Y:$Y, Y35, $S:$S, ">"&S35) + 1 -> 34 | U35: =0.85*E35+T35*0.15 -> 34 | V35: =100.4-0.4*W35 -> 86.8 | W35: =COUNTIFS($Y:$Y, Y35, $U:$U, "<"&U35) + 1 -> 34 | X35: 64 | Y35: 能源与动力工程
A36: 261 | B36: 1120231427 | C36: 张驰 | D36: =VLOOKUP([1]成绩单!B34,[1]Sheet1!$A:$K,4,0) -> 精工2310 | E36: 33 | F36: 0.515625 | G36: 75.0522 | H36: 62 | I36: 139 | J36: 2 | K36: 2 | L36: 是 | M36: 2.1 | N36: 0.2 | O36: 0 | P36: 0 | Q36: 0 | S36: =SUM(M36:Q36) -> 2.3 | T36: =COUNTIFS($Y:$Y, Y36, $S:$S, ">"&S36) + 1 -> 47 | U36: =0.85*E36+T36*0.15 -> 35.1 | V36: =100.4-0.4*W36 -> 86.4 | W36: =COUNTIFS($Y:$Y, Y36, $U:$U, "<"&U36) + 1 -> 35 | X36: 64 | Y36: 能源与动力工程
A37: 262 | B37: 1120233390 | C37: 苏磊 | D37: =VLOOKUP([1]成绩单!B38,[1]Sheet1!$A:$K,4,0) -> 精工2311 | E37: 37 | F37: 0.578125 | G37: 73.7768 | H37: 62 | I37: 140 | J37: 2 | K37: 2 | L37: 是 | M37: 2.8 | N37: 2 | O37: 2.3 | P37: 2.3 | Q37: 1 | S37: =SUM(M37:Q37) -> 10.4 | T37: =COUNTIFS($Y:$Y, Y37, $S:$S, ">"&S37) + 1 -> 25 | U37: =0.85*E37+T37*0.15 -> 35.2 | V37: =100.4-0.4*W37 -> 86 | W37: =COUNTIFS($Y:$Y, Y37, $U:$U, "<"&U37) + 1 -> 36 | X37: 64 | Y37: 能源与动力工程
A38: 263 | B38: 1120232759 | C38: 赵亘力 | D38: =VLOOKUP([1]成绩单!B36,[1]Sheet1!$A:$K,4,0) -> 精工2311 | E38: 35 | F38: 0.546875 | G38: 74.5018 | H38: 60 | I38: 136 | J38: 0 | K38: 0 | L38: 是 | M38: 2.5 | N38: -0.1 | O38: 1 | P38: 0.1 | Q38: 1 | S38: =SUM(M38:Q38) -> 4.5 | T38: =COUNTIFS($Y:$Y, Y38, $S:$S, ">"&S38) + 1 -> 39 | U38: =0.85*E38+T38*0.15 -> 35.6 | V38: =100.4-0.4*W38 -> 85.6 | W38: =COUNTIFS($Y:$Y, Y38, $U:$U, "<"&U38) + 1 -> 37 | X38: 64 | Y38: 能源与动力工程
A39: 264 | B39: 1120232520 | C39: 刘乾男 | D39: =VLOOKUP([1]成绩单!B40,[1]Sheet1!$A:$K,4,0) -> 精工2312 | E39: 39 | F39: 0.609375 | G39: 72.1661 | H39: 63 | I39: 143 | J39: 3 | K39: 3 | L39: 是 | M39: 1.3 | N39: 1.5 | O39: 3.3 | P39: 2.5 | Q39: 0 | S39: =SUM(M39:Q39) -> 8.6 | T39: =COUNTIFS($Y:$Y, Y39, $S:$S, ">"&S39) + 1 -> 29 | U39: =0.85*E39+T39*0.15 -> 37.5 | V39: =100.4-0.4*W39 -> 85.2 | W39: =COUNTIFS($Y:$Y, Y39, $U:$U, "<"&U39) + 1 -> 38 | X39: 64 | Y39: 能源与动力工程
A40: 265 | B40: 1120232882 | C40: 方丹骜 | D40: =VLOOKUP([1]成绩单!B39,[1]Sheet1!$A:$K,4,0) -> 精工2310 | E40: 38 | F40: 0.59375 | G40: 73.0252 | H40: 61 | I40: 139 | J40: 3 | K40: 1 | L40: 是 | M40: 1.25 | N40: 0 | O40: 1 | P40: 0 | Q40: 1 | S40: =SUM(M40:Q40) -> 3.25 | T40: =COUNTIFS($Y:$Y, Y40, $S:$S, ">"&S40) + 1 -> 44 | U40: =0.85*E40+T40*0.15 -> 38.9 | V40: =100.4-0.4*W40 -> 84.8 | W40: =COUNTIFS($Y:$Y, Y40, $U:$U, "<"&U40) + 1 -> 39 | X40: 64 | Y40: 能源与动力工程
A41: 266 | B41: 1120232894 | C41: 游博翔 | D41: =VLOOKUP([1]成绩单!B42,[1]Sheet1!$A:$K,4,0) -> 精工2310 | E41: 41 | F41: 0.640625 | G41: 69.2593 | H41: 59 | I41: 135 | J41: 3 | K41: 3 | L41: 是 | M41: 4.2 | N41: 2.5 | O41: 1 | P41: 0.5 | Q41: 0 | S41: =SUM(M41:Q41) -> 8.2 | T41: =COUNTIFS($Y:$Y, Y41, $S:$S, ">"&S41) + 1 -> 31 | U41: =0.85*E41+T41*0.15 -> 39.5 | V41: =100.4-0.4*W41 -> 84.4 | W41: =COUNTIFS($Y:$Y, Y41, $U:$U, "<"&U41) + 1 -> 40 | X41: 64 | Y41: 能源与动力工程
A42: 267 | B42: 1120232910 | C42: 李彦奇 | D42: =VLOOKUP([1]成绩单!B45,[1]Sheet1!$A:$K,4,0) -> 精工2310 | E42: 44 | F42: 0.6875 | G42: 67.4661 | H42: 62 | I42: 140 | J42: 5 | K42: 4 | L42: 是 | M42: 3.7 | N42: 1 | O42: 2 | P42: 2.5 | Q42: 2 | S42: =SUM(M42:Q42) -> 11.2 | T42: =COUNTIFS($Y:$Y, Y42, $S:$S, ">"&S42) + 1 -> 23 | U42: =0.85*E42+T42*0.15 -> 40.85 | V42: =100.4-0.4*W42 -> 84 | W42: =COUNTIFS($Y:$Y, Y42, $U:$U, "<"&U42) + 1 -> 41 | X42: 64 | Y42: 能源与动力工程
A43: 268 | B43: 1120232315 | C43: 宋宁 | D43: =VLOOKUP([1]成绩单!B44,[1]Sheet1!$A:$K,4,0) -> 精工2311 | E43: 43 | F43: 0.671875 | G43: 68.0176 | H43: 63 | I43: 142 | J43: 5 | K43: 4 | L43: 是 | M43: 2.7 | N43: 1 | O43: 1.5 | P43: 1.5 | Q43: 0 | S43: =SUM(M43:Q43) -> 6.7 | T43: =COUNTIFS($Y:$Y, Y43, $S:$S, ">"&S43) + 1 -> 33 | U43: =0.85*E43+T43*0.15 -> 41.5 | V43: =100.4-0.4*W43 -> 83.6 | W43: =COUNTIFS($Y:$Y, Y43, $U:$U, "<"&U43) + 1 -> 42 | X43: 64 | Y43: 能源与动力工程
A44: 269 | B44: 1120230821 | C44: 潘翔宇 | D44: =VLOOKUP([1]成绩单!B46,[1]Sheet1!$A:$K,4,0) -> 精工2311 | E44: 45 | F44: 0.703125 | G44: 65.6326 | H44: 62 | I44: 139.5 | J44: 7 | K44: 0 | L44: 是 | M44: 1.4 | N44: 2.35 | O44: 2.5 | P44: 1 | Q44: 4.5 | S44: =SUM(M44:Q44) -> 11.75 | T44: =COUNTIFS($Y:$Y, Y44, $S:$S, ">"&S44) + 1 -> 22 | U44: =0.85*E44+T44*0.15 -> 41.55 | V44: =100.4-0.4*W44 -> 83.2 | W44: =COUNTIFS($Y:$Y, Y44, $U:$U, "<"&U44) + 1 -> 43 | X44: 64 | Y44: 能源与动力工程
A45: 270 | B45: 1120232485 | C45: 杨皓博 | D45: =VLOOKUP([1]成绩单!B41,[1]Sheet1!$A:$K,4,0) -> 精工2313 | E45: 40 | F45: 0.625 | G45: 71.1407 | H45: 60 | I45: 135 | J45: 4 | K45: 2 | L45: 是 | M45: 0 | N45: 0.5 | O45: 0.5 | P45: -0.5 | Q45: 1 | S45: =SUM(M45:Q45) -> 1.5 | T45: =COUNTIFS($Y:$Y, Y45, $S:$S, ">"&S45) + 1 -> 51 | U45: =0.85*E45+T45*0.15 -> 41.65 | V45: =100.4-0.4*W45 -> 82.8 | W45: =COUNTIFS($Y:$Y, Y45, $U:$U, "<"&U45) + 1 -> 44 | X45: 64 | Y45: 能源与动力工程
A46: 271 | B46: 1120232512 | C46: 熊浩楠 | D46: =VLOOKUP([1]成绩单!B43,[1]Sheet1!$A:$K,4,0) -> 精工2311 | E46: 42 | F46: 0.65625 | G46: 68.741 | H46: 61 | I46: 139 | J46: 4 | K46: 3 | L46: 否 | M46: 1.2 | N46: 0.3 | O46: 0 | P46: 0 | Q46: 1 | S46: =SUM(M46:Q46) -> 2.5 | T46: =COUNTIFS($Y:$Y, Y46, $S:$S, ">"&S46) + 1 -> 45 | U46: =0.85*E46+T46*0.15 -> 42.45 | V46: =100.4-0.4*W46 -> 82.4 | W46: =COUNTIFS($Y:$Y, Y46, $U:$U, "<"&U46) + 1 -> 45 | X46: 64 | Y46: 能源与动力工程
A47: 272 | B47: 1120232305 | C47: 于东旭 | D47: =VLOOKUP([1]成绩单!B47,[1]Sheet1!$A:$K,4,0) -> 精工2311 | E47: 46 | F47: 0.71875 | G47: 65.4113 | H47: 62 | I47: 141 | J47: 5 | K47: 2 | L47: 是 | M47: 2.5 | N47: 1.5 | O47: 1 | P47: -1.5 | Q47: 1 | S47: =SUM(M47:Q47) -> 4.5 | T47: =COUNTIFS($Y:$Y, Y47, $S:$S, ">"&S47) + 1 -> 39 | U47: =0.85*E47+T47*0.15 -> 44.95 | V47: =100.4-0.4*W47 -> 82 | W47: =COUNTIFS($Y:$Y, Y47, $U:$U, "<"&U47) + 1 -> 46 | X47: 64 | Y47: 能源与动力工程
A48: 273 | B48: 1120232879 | C48: 张傲天 | D48: =VLOOKUP([1]成绩单!B49,[1]Sheet1!$A:$K,4,0) -> 精工2313 | E48: 48 | F48: 0.75 | G48: 65.293 | H48: 60 | I48: 136.5 | J48: 6 | K48: 2 | L48: 是 | M48: 2.5 | N48: 0.5 | O48: 2.8 | P48: 0 | Q48: 0 | S48: =SUM(M48:Q48) -> 5.8 | T48: =COUNTIFS($Y:$Y, Y48, $S:$S, ">"&S48) + 1 -> 36 | U48: =0.85*E48+T48*0.15 -> 46.2 | V48: =100.4-0.4*W48 -> 81.6 | W48: =COUNTIFS($Y:$Y, Y48, $U:$U, "<"&U48) + 1 -> 47 | X48: 64 | Y48: 能源与动力工程
A49: 274 | B49: 1120232225 | C49: 陈鹤升 | D49: =VLOOKUP([1]成绩单!B52,[1]Sheet1!$A:$K,4,0) -> 精工2311 | E49: 51 | F49: 0.796875 | G49: 58.2163 | H49: 62 | I49: 141 | J49: 10 | K49: 6 | L49: 是 | M49: 3 | N49: 1.8 | O49: 1 | P49: 2 | Q49: 2 | S49: =SUM(M49:Q49) -> 9.8 | T49: =COUNTIFS($Y:$Y, Y49, $S:$S, ">"&S49) + 1 -> 27 | U49: =0.85*E49+T49*0.15 -> 47.4 | V49: =100.4-0.4*W49 -> 81.2 | W49: =COUNTIFS($Y:$Y, Y49, $U:$U, "<"&U49) + 1 -> 48 | X49: 64 | Y49: 能源与动力工程
A50: 275 | B50: 1120221110 | C50: 董羽凡 | D50: =VLOOKUP([1]成绩单!B48,[1]Sheet1!$A:$K,4,0) -> 精工2312 | E50: 47 | F50: 0.734375 | G50: 65.3217 | H50: 63 | I50: 143 | J50: 6 | K50: 4 | L50: 是 | M50: 0 | N50: 0 | O50: 0 | P50: 0 | Q50: 0 | S50: =SUM(M50:Q50) -> 0 | T50: =COUNTIFS($Y:$Y, Y50, $S:$S, ">"&S50) + 1 -> 54 | U50: =0.85*E50+T50*0.15 -> 48.05 | V50: =100.4-0.4*W50 -> 80.8 | W50: =COUNTIFS($Y:$Y, Y50, $U:$U, "<"&U50) + 1 -> 49 | X50: 64 | Y50: 能源与动力工程
A51: 276 | B51: 1120232213 | C51: 陈海 | D51: =VLOOKUP([1]成绩单!B50,[1]Sheet1!$A:$K,4,0) -> 精工2313 | E51: 49 | F51: 0.765625 | G51: 63.3679 | H51: 58 | I51: 132.5 | J51: 6 | K51: 3 | L51: 是 | M51: 1.2 | N51: 0 | O51: 0 | P51: -1 | Q51: 0 | S51: =SUM(M51:Q51) -> 0.2 | T51: =COUNTIFS($Y:$Y, Y51, $S:$S, ">"&S51) + 1 -> 53 | U51: =0.85*E51+T51*0.15 -> 49.6 | V51: =100.4-0.4*W51 -> 80.4 | W51: =COUNTIFS($Y:$Y, Y51, $U:$U, "<"&U51) + 1 -> 50 | X51: 64 | Y51: 能源与动力工程
A52: 277 | B52: 1120230050 | C52: 严进豪 | D52: =VLOOKUP([1]成绩单!B54,[1]Sheet1!$A:$K,4,0) -> 精工2313 | E52: 53 | F52: 0.828125 | G52: 54.6169 | H52: 62 | I52: 139 | J52: 12 | K52: 8 | L52: 否 | M52: 0 | N52: 0.85 | O52: 1.7 | P52: 3.8 | Q52: 1 | S52: =SUM(M52:Q52) -> 7.35 | T52: =COUNTIFS($Y:$Y, Y52, $S:$S, ">"&S52) + 1 -> 32 | U52: =0.85*E52+T52*0.15 -> 49.85 | V52: =100.4-0.4*W52 -> 80 | W52: =COUNTIFS($Y:$Y, Y52, $U:$U, "<"&U52) + 1 -> 51 | X52: 64 | Y52: 能源与动力工程
A53: 278 | B53: 1120231448 | C53: 蔡贵林 | D53: =VLOOKUP([1]成绩单!B51,[1]Sheet1!$A:$K,4,0) -> 精工2311 | E53: 50 | F53: 0.78125 | G53: 59.6167 | H53: 59 | I53: 135 | J53: 8 | K53: 2 | L53: 否 | M53: 1 | N53: 1 | O53: 0 | P53: -1 | Q53: 0 | S53: =SUM(M53:Q53) -> 1 | T53: =COUNTIFS($Y:$Y, Y53, $S:$S, ">"&S53) + 1 -> 52 | U53: =0.85*E53+T53*0.15 -> 50.3 | V53: =100.4-0.4*W53 -> 79.6 | W53: =COUNTIFS($Y:$Y, Y53, $U:$U, "<"&U53) + 1 -> 52 | X53: 64 | Y53: 能源与动力工程
A54: 279 | B54: 1120210989 | C54: 王其科 | D54: =VLOOKUP([1]成绩单!B53,[1]Sheet1!$A:$K,4,0) -> 精工2312 | E54: 52 | F54: 0.8125 | G54: 56.4909 | H54: 60 | I54: 138 | J54: 10 | K54: 7 | L54: 否 | M54: 0 | N54: 0 | O54: 0 | P54: 0 | Q54: 0 | S54: =SUM(M54:Q54) -> 0 | T54: =COUNTIFS($Y:$Y, Y54, $S:$S, ">"&S54) + 1 -> 54 | U54: =0.85*E54+T54*0.15 -> 52.3 | V54: =100.4-0.4*W54 -> 79.2 | W54: =COUNTIFS($Y:$Y, Y54, $U:$U, "<"&U54) + 1 -> 53 | X54: 64 | Y54: 能源与动力工程
A55: 280 | B55: 1120231261 | C55: 文藏川 | D55: =VLOOKUP([1]成绩单!B55,[1]Sheet1!$A:$K,4,0) -> 精工2312 | E55: 54 | F55: 0.84375 | G55: 54.1966 | H55: 59 | I55: 133.5 | J55: 13 | K55: 3 | L55: 是 | M55: 1.2 | N55: 1 | O55: 0 | P55: -0.55 | Q55: 0 | S55: =SUM(M55:Q55) -> 1.65 | T55: =COUNTIFS($Y:$Y, Y55, $S:$S, ">"&S55) + 1 -> 50 | U55: =0.85*E55+T55*0.15 -> 53.4 | V55: =100.4-0.4*W55 -> 78.8 | W55: =COUNTIFS($Y:$Y, Y55, $U:$U, "<"&U55) + 1 -> 54 | X55: 64 | Y55: 能源与动力工程
A56: 281 | B56: 1120232220 | C56: 李定青 | D56: =VLOOKUP([1]成绩单!B56,[1]Sheet1!$A:$K,4,0) -> 精工2312 | E56: 55 | F56: 0.859375 | G56: 53.3628 | H56: 62 | I56: 138.5 | J56: 15 | K56: 6 | L56: 是 | M56: 0.6 | N56: 1.2 | O56: 1 | P56: -0.5 | Q56: 0 | S56: =SUM(M56:Q56) -> 2.3 | T56: =COUNTIFS($Y:$Y, Y56, $S:$S, ">"&S56) + 1 -> 47 | U56: =0.85*E56+T56*0.15 -> 53.8 | V56: =100.4-0.4*W56 -> 78.4 | W56: =COUNTIFS($Y:$Y, Y56, $U:$U, "<"&U56) + 1 -> 55 | X56: 64 | Y56: 能源与动力工程
A57: 282 | B57: 1120230991 | C57: 杨欣 | D57: =VLOOKUP([1]成绩单!B57,[1]Sheet1!$A:$K,4,0) -> 精工2312 | E57: 56 | F57: 0.875 | G57: 50.6236 | H57: 57 | I57: 131.5 | J57: 15 | K57: 4 | L57: 是 | M57: 0 | N57: 0 | O57: 0 | P57: 0 | Q57: 0 | S57: =SUM(M57:Q57) -> 0 | T57: =COUNTIFS($Y:$Y, Y57, $S:$S, ">"&S57) + 1 -> 54 | U57: =0.85*E57+T57*0.15 -> 55.7 | V57: =100.4-0.4*W57 -> 78 | W57: =COUNTIFS($Y:$Y, Y57, $U:$U, "<"&U57) + 1 -> 56 | X57: 64 | Y57: 能源与动力工程
A58: 283 | B58: 1120222021 | C58: 苟法东 | D58: =VLOOKUP([1]成绩单!B58,[1]Sheet1!$A:$K,4,0) -> 精工2312 | E58: 57 | F58: 0.890625 | G58: 44.4507 | H58: 62 | I58: 142 | J58: 20 | K58: 15 | L58: 否 | M58: 0 | N58: 0 | O58: 0 | P58: 0 | Q58: 0 | S58: =SUM(M58:Q58) -> 0 | T58: =COUNTIFS($Y:$Y, Y58, $S:$S, ">"&S58) + 1 -> 54 | U58: =0.85*E58+T58*0.15 -> 56.55 | V58: =100.4-0.4*W58 -> 77.6 | W58: =COUNTIFS($Y:$Y, Y58, $U:$U, "<"&U58) + 1 -> 57 | X58: 64 | Y58: 能源与动力工程
A59: 284 | B59: 1120234014 | C59: 施宇翔 | D59: =VLOOKUP([1]成绩单!B60,[1]Sheet1!$A:$K,4,0) -> 精工2310 | E59: 59 | F59: 0.921875 | G59: 43.5893 | H59: 51 | I59: 121.75 | J59: 18 | K59: 8 | L59: 否 | M59: 0.4 | N59: 1.7 | O59: 1.75 | P59: -1.5 | Q59: 0 | S59: =SUM(M59:Q59) -> 2.35 | T59: =COUNTIFS($Y:$Y, Y59, $S:$S, ">"&S59) + 1 -> 46 | U59: =0.85*E59+T59*0.15 -> 57.05 | V59: =100.4-0.4*W59 -> 77.2 | W59: =COUNTIFS($Y:$Y, Y59, $U:$U, "<"&U59) + 1 -> 58 | X59: 64 | Y59: 能源与动力工程
A60: 285 | B60: 1120231428 | C60: 徐雨婷 | D60: =VLOOKUP([1]成绩单!B61,[1]Sheet1!$A:$K,4,0) -> 精工2310 | E60: 60 | F60: 0.9375 | G60: 42.9944 | H60: 58 | I60: 134.5 | J60: 20 | K60: 5 | L60: 是 | M60: 2.7 | N60: 0 | O60: 0 | P60: -0.5 | Q60: 0 | S60: =SUM(M60:Q60) -> 2.2 | T60: =COUNTIFS($Y:$Y, Y60, $S:$S, ">"&S60) + 1 -> 49 | U60: =0.85*E60+T60*0.15 -> 58.35 | V60: =100.4-0.4*W60 -> 76.8 | W60: =COUNTIFS($Y:$Y, Y60, $U:$U, "<"&U60) + 1 -> 59 | X60: 64 | Y60: 能源与动力工程
A61: 286 | B61: 1120230397 | C61: 傅斯锐 | D61: =VLOOKUP([1]成绩单!B59,[1]Sheet1!$A:$K,4,0) -> 精工2313 | E61: 58 | F61: 0.90625 | G61: 44.1527 | H61: 58 | I61: 131 | J61: 16 | K61: 8 | L61: 是 | M61: 0 | N61: 0 | O61: 0 | P61: -1 | Q61: 0 | S61: =SUM(M61:Q61) -> -1 | T61: =COUNTIFS($Y:$Y, Y61, $S:$S, ">"&S61) + 1 -> 64 | U61: =0.85*E61+T61*0.15 -> 58.9 | V61: =100.4-0.4*W61 -> 76.4 | W61: =COUNTIFS($Y:$Y, Y61, $U:$U, "<"&U61) + 1 -> 60 | X61: 64 | Y61: 能源与动力工程
A62: 287 | B62: 1120222133 | C62: 吴高锐 | D62: =VLOOKUP([1]成绩单!B62,[1]Sheet1!$A:$K,4,0) -> 精工2310 | E62: 61 | F62: 0.953125 | G62: 39.996 | H62: 53 | I62: 124 | J62: 21 | K62: 14 | L62: 是 | M62: 0 | N62: 0 | O62: 0 | P62: 0 | Q62: 0 | S62: =SUM(M62:Q62) -> 0 | T62: =COUNTIFS($Y:$Y, Y62, $S:$S, ">"&S62) + 1 -> 54 | U62: =0.85*E62+T62*0.15 -> 59.95 | V62: =100.4-0.4*W62 -> 76 | W62: =COUNTIFS($Y:$Y, Y62, $U:$U, "<"&U62) + 1 -> 61 | X62: 64 | Y62: 能源与动力工程
A63: 288 | B63: 1120212199 | C63: 刘士源 | D63: =VLOOKUP([1]成绩单!B63,[1]Sheet1!$A:$K,4,0) -> 精工2310 | E63: 62 | F63: 0.96875 | G63: 39.6408 | H63: 64 | I63: 142 | J63: 22 | K63: 17 | L63: 否 | M63: 0 | N63: 0 | O63: 0 | P63: 0 | Q63: 0 | S63: =SUM(M63:Q63) -> 0 | T63: =COUNTIFS($Y:$Y, Y63, $S:$S, ">"&S63) + 1 -> 54 | U63: =0.85*E63+T63*0.15 -> 60.8 | V63: =100.4-0.4*W63 -> 75.6 | W63: =COUNTIFS($Y:$Y, Y63, $U:$U, "<"&U63) + 1 -> 62 | X63: 64 | Y63: 能源与动力工程
A64: 289 | B64: 1120223629 | C64: 阿亚拉·那斯哈提 | D64: =VLOOKUP([1]成绩单!B64,[1]Sheet1!$A:$K,4,0) -> 精工2313 | E64: 63 | F64: 0.984375 | G64: 34.9692 | H64: 57 | I64: 130 | J64: 26 | K64: 11 | L64: 是 | M64: 0 | N64: 0 | O64: 0 | P64: 0 | Q64: 0 | S64: =SUM(M64:Q64) -> 0 | T64: =COUNTIFS($Y:$Y, Y64, $S:$S, ">"&S64) + 1 -> 54 | U64: =0.85*E64+T64*0.15 -> 61.65 | V64: =100.4-0.4*W64 -> 75.2 | W64: =COUNTIFS($Y:$Y, Y64, $U:$U, "<"&U64) + 1 -> 63 | X64: 64 | Y64: 能源与动力工程
A65: 290 | B65: 1120212056 | C65: 朱哲彤 | D65: =VLOOKUP([1]成绩单!B65,[1]Sheet1!$A:$K,4,0) -> 精工2312 | E65: 64 | F65: 1 | G65: 24.512 | H65: 54 | I65: 124.5 | J65: 34 | K65: 25 | L65: 否 | M65: 0 | N65: 0 | O65: 0 | P65: 0 | Q65: 0 | S65: =SUM(M65:Q65) -> 0 | T65: =COUNTIFS($Y:$Y, Y65, $S:$S, ">"&S65) + 1 -> 54 | U65: =0.85*E65+T65*0.15 -> 62.5 | V65: =100.4-0.4*W65 -> 74.8 | W65: =COUNTIFS($Y:$Y, Y65, $U:$U, "<"&U65) + 1 -> 64 | X65: 64 | Y65: 能源与动力工程

Sheet 智能制造工程
A1: 序号 | B1: 学号 | C1: 姓名 | D1: 班级 | E1: 课程成绩 本专业名 次 | F1: 课程成绩本 专业排名百 分比 | G1: 课程成绩计算结果 | H1: 纳入计算 的课程数 | I1: 纳入计算课程 获得总学分 | J1: 不及格课 程门数 | K1: 不及格课 程已通过 门数 | L1: 是否通过全 国大学英语 四级 | M1: 第1学期其他表现 | N1: 第2学期其他表现 | O1: 第3学期其他表现 | P1: 第4学期其他表现 | Q1: 第5学期其他表现 | R1: 第6学期其他表现 | S1: 其他表现成绩 | T1: 其他表现 排名名次 | U1: 综合成绩 | V1: 综合 成绩 | W1: 综合排名 名次 | X1: 排名 人数 | Y1: 专业 | Z1: 备注
A2: 301 | B2: 1120232888 | C2: 彭翌初 | D2: =VLOOKUP([1]成绩单!B2,[1]Sheet1!$A:$K,4,0) -> 精工2310 | E2: 1 | F2: 0.034483 | G2: 92.6869 | H2: 62 | I2: 144.5 | J2: 0 | K2: 0 | L2: 是 | M2: 2.4 | N2: 11.8 | O2: 13.4 | P2: 20.9 | Q2: 26.44 | S2: =SUM(M2:Q2) -> 74.94 | T2: =COUNTIFS($Y:$Y, Y2, $S:$S, ">"&S2) + 1 -> 1 | U2: =0.85*E2+T2*0.15 -> 1 | V2: =100.4-0.4*W2 -> 100 | W2: =COUNTIFS($Y:$Y, Y2, $U:$U, "<"&U2) + 1 -> 1 | X2: 29 | Y2: 智能制造工程
A3: 302 | B3: 1120232510 | C3: 周俊 | D3: =VLOOKUP([1]成绩单!B3,[1]Sheet1!$A:$K,4,0) -> 精工2311 | E3: 2 | F3: 0.068966 | G3: 90.5498 | H3: 65 | I3: 150.5 | J3: 0 | K3: 0 | L3: 是 | M3: 3.1 | N3: 4.7 | O3: 8.3 | P3: 10.6 | Q3: 19.1 | S3: =SUM(M3:Q3) -> 45.8 | T3: =COUNTIFS($Y:$Y, Y3, $S:$S, ">"&S3) + 1 -> 3 | U3: =0.85*E3+T3*0.15 -> 2.15 | V3: =100.4-0.4*W3 -> 99.6 | W3: =COUNTIFS($Y:$Y, Y3, $U:$U, "<"&U3) + 1 -> 2 | X3: 29 | Y3: 智能制造工程
A4: 303 | B4: 1120231521 | C4: 王炳基 | D4: =VLOOKUP([1]成绩单!B4,[1]Sheet1!$A:$K,4,0) -> 精工2310 | E4: 3 | F4: 0.103448 | G4: 90.0444 | H4: 64 | I4: 146.5 | J4: 0 | K4: 0 | L4: 是 | M4: 5.5 | N4: 3.45 | O4: 3.5 | P4: 5.9 | Q4: 7.3 | S4: =SUM(M4:Q4) -> 25.65 | T4: =COUNTIFS($Y:$Y, Y4, $S:$S, ">"&S4) + 1 -> 7 | U4: =0.85*E4+T4*0.15 -> 3.6 | V4: =100.4-0.4*W4 -> 99.2 | W4: =COUNTIFS($Y:$Y, Y4, $U:$U, "<"&U4) + 1 -> 3 | X4: 29 | Y4: 智能制造工程
A5: 304 | B5: 1120231611 | C5: 张哲 | D5: =VLOOKUP([1]成绩单!B5,[1]Sheet1!$A:$K,4,0) -> 精工2311 | E5: 4 | F5: 0.137931 | G5: 88.0565 | H5: 63 | I5: 146 | J5: 0 | K5: 0 | L5: 是 | M5: 3.9 | N5: 7 | O5: 4.7 | P5: 14 | Q5: 7.8 | S5: =SUM(M5:Q5) -> 37.4 | T5: =COUNTIFS($Y:$Y, Y5, $S:$S, ">"&S5) + 1 -> 4 | U5: =0.85*E5+T5*0.15 -> 4 | V5: =100.4-0.4*W5 -> 98.8 | W5: =COUNTIFS($Y:$Y, Y5, $U:$U, "<"&U5) + 1 -> 4 | X5: 29 | Y5: 智能制造工程
A6: 305 | B6: 1120232891 | C6: 何典聪 | D6: =VLOOKUP([1]成绩单!B7,[1]Sheet1!$A:$K,4,0) -> 精工2312 | E6: 6 | F6: 0.206897 | G6: 87.9758 | H6: 62 | I6: 144.5 | J6: 0 | K6: 0 | L6: 是 | M6: 5.8 | N6: 8.1 | O6: 7.7 | P6: 16.3 | Q6: 12.94 | S6: =SUM(M6:Q6) -> 50.84 | T6: =COUNTIFS($Y:$Y, Y6, $S:$S, ">"&S6) + 1 -> 2 | U6: =0.85*E6+T6*0.15 -> 5.4 | V6: =100.4-0.4*W6 -> 98.4 | W6: =COUNTIFS($Y:$Y, Y6, $U:$U, "<"&U6) + 1 -> 5 | X6: 29 | Y6: 智能制造工程
A7: 306 | B7: 1120234026 | C7: 谭仲元 | D7: =VLOOKUP([1]成绩单!B6,[1]Sheet1!$A:$K,4,0) -> 精工2310 | E7: 5 | F7: 0.172414 | G7: 88.0087 | H7: 62 | I7: 144.5 | J7: 0 | K7: 0 | L7: 是 | M7: 0.8 | N7: 2 | O7: 1.5 | P7: 4.2 | Q7: 10.7 | S7: =SUM(M7:Q7) -> 19.2 | T7: =COUNTIFS($Y:$Y, Y7, $S:$S, ">"&S7) + 1 -> 11 | U7: =0.85*E7+T7*0.15 -> 5.9 | V7: =100.4-0.4*W7 -> 98 | W7: =COUNTIFS($Y:$Y, Y7, $U:$U, "<"&U7) + 1 -> 6 | X7: 29 | Y7: 智能制造工程
A8: 307 | B8: 1120232223 | C8: 张亦弛 | D8: =VLOOKUP([1]成绩单!B8,[1]Sheet1!$A:$K,4,0) -> 精工2313 | E8: 7 | F8: 0.241379 | G8: 87.4253 | H8: 62 | I8: 144 | J8: 0 | K8: 0 | L8: 是 | M8: 3.9 | N8: 6.7 | O8: 5.5 | P8: 8.65 | Q8: 10 | S8: =SUM(M8:Q8) -> 34.75 | T8: =COUNTIFS($Y:$Y, Y8, $S:$S, ">"&S8) + 1 -> 5 | U8: =0.85*E8+T8*0.15 -> 6.7 | V8: =100.4-0.4*W8 -> 97.6 | W8: =COUNTIFS($Y:$Y, Y8, $U:$U, "<"&U8) + 1 -> 7 | X8: 29 | Y8: 智能制造工程
A9: 308 | B9: 1120232883 | C9: 夏粒峰 | D9: =VLOOKUP([1]成绩单!B9,[1]Sheet1!$A:$K,4,0) -> 精工2311 | E9: 8 | F9: 0.275862 | G9: 84.3195 | H9: 59 | I9: 138.5 | J9: 0 | K9: 0 | L9: 是 | M9: 0.5 | N9: 1 | O9: 5.5 | P9: 1 | Q9: 13 | S9: =SUM(M9:Q9) -> 21 | T9: =COUNTIFS($Y:$Y, Y9, $S:$S, ">"&S9) + 1 -> 9 | U9: =0.85*E9+T9*0.15 -> 8.15 | V9: =100.4-0.4*W9 -> 97.2 | W9: =COUNTIFS($Y:$Y, Y9, $U:$U, "<"&U9) + 1 -> 8 | X9: 29 | Y9: 智能制造工程
A10: 309 | B10: 1120231774 | C10: 李皝禅 | D10: =VLOOKUP([1]成绩单!B10,[1]Sheet1!$A:$K,4,0) -> 精工2312 | E10: 9 | F10: 0.310345 | G10: 84.106 | H10: 61 | I10: 141.5 | J10: 0 | K10: 0 | L10: 是 | M10: 3.6 | N10: 2.5 | O10: 2.9 | P10: 3.5 | Q10: 6.8 | S10: =SUM(M10:Q10) -> 19.3 | T10: =COUNTIFS($Y:$Y, Y10, $S:$S, ">"&S10) + 1 -> 10 | U10: =0.85*E10+T10*0.15 -> 9.15 | V10: =100.4-0.4*W10 -> 96.8 | W10: =COUNTIFS($Y:$Y, Y10, $U:$U, "<"&U10) + 1 -> 9 | X10: 29 | Y10: 智能制造工程
A11: 310 | B11: 1120232906 | C11: 黄靖雯 | D11: =VLOOKUP([1]成绩单!B11,[1]Sheet1!$A:$K,4,0) -> 精工2311 | E11: 10 | F11: 0.344828 | G11: 84.0103 | H11: 63 | I11: 145.5 | J11: 1 | K11: 1 | L11: 是 | M11: 0.45 | N11: 1 | O11: 4.5 | P11: 0.95 | Q11: 9.5 | S11: =SUM(M11:Q11) -> 16.4 | T11: =COUNTIFS($Y:$Y, Y11, $S:$S, ">"&S11) + 1 -> 12 | U11: =0.85*E11+T11*0.15 -> 10.3 | V11: =100.4-0.4*W11 -> 96.4 | W11: =COUNTIFS($Y:$Y, Y11, $U:$U, "<"&U11) + 1 -> 10 | X11: 29 | Y11: 智能制造工程
A12: 311 | B12: 1120232198 | C12: 赵子涵 | D12: =VLOOKUP([1]成绩单!B13,[1]Sheet1!$A:$K,4,0) -> 精工2313 | E12: 12 | F12: 0.413793 | G12: 83.0877 | H12: 61 | I12: 142.5 | J12: 0 | K12: 0 | L12: 是 | M12: 2.2 | N12: 4.5 | O12: 3.25 | P12: 6.1 | Q12: 5.9 | S12: =SUM(M12:Q12) -> 21.95 | T12: =COUNTIFS($Y:$Y, Y12, $S:$S, ">"&S12) + 1 -> 8 | U12: =0.85*E12+T12*0.15 -> 11.4 | V12: =100.4-0.4*W12 -> 96 | W12: =COUNTIFS($Y:$Y, Y12, $U:$U, "<"&U12) + 1 -> 11 | X12: 29 | Y12: 智能制造工程
A13: 312 | B13: 1120231768 | C13: 王绍涵 | D13: =VLOOKUP([1]成绩单!B12,[1]Sheet1!$A:$K,4,0) -> 精工2312 | E13: 11 | F13: 0.37931 | G13: 83.8028 | H13: 62 | I13: 144.5 | J13: 0 | K13: 0 | L13: 是 | M13: 3.2 | N13: 1.2 | O13: 1.5 | P13: 2.4 | Q13: 2.7 | S13: =SUM(M13:Q13) -> 11 | T13: =COUNTIFS($Y:$Y, Y13, $S:$S, ">"&S13) + 1 -> 17 | U13: =0.85*E13+T13*0.15 -> 11.9 | V13: =100.4-0.4*W13 -> 95.6 | W13: =COUNTIFS($Y:$Y, Y13, $U:$U, "<"&U13) + 1 -> 12 | X13: 29 | Y13: 智能制造工程
A14: 313 | B14: 1120232898 | C14: 胡耘璁 | D14: =VLOOKUP([1]成绩单!B14,[1]Sheet1!$A:$K,4,0) -> 精工2313 | E14: 13 | F14: 0.448276 | G14: 82.9806 | H14: 60 | I14: 141.5 | J14: 0 | K14: 0 | L14: 是 | M14: 2 | N14: 1.8 | O14: 4 | P14: 2 | Q14: 5.3 | S14: =SUM(M14:Q14) -> 15.1 | T14: =COUNTIFS($Y:$Y, Y14, $S:$S, ">"&S14) + 1 -> 14 | U14: =0.85*E14+T14*0.15 -> 13.15 | V14: =100.4-0.4*W14 -> 95.2 | W14: =COUNTIFS($Y:$Y, Y14, $U:$U, "<"&U14) + 1 -> 13 | X14: 29 | Y14: 智能制造工程
A15: 314 | B15: 1120231528 | C15: 叶从盼 | D15: =VLOOKUP([1]成绩单!B15,[1]Sheet1!$A:$K,4,0) -> 精工2311 | E15: 14 | F15: 0.482759 | G15: 81.4181 | H15: 60 | I15: 140.5 | J15: 0 | K15: 0 | L15: 是 | M15: 1.4 | N15: 2.8 | O15: 1.45 | P15: 0.7 | Q15: 3.4 | S15: =SUM(M15:Q15) -> 9.75 | T15: =COUNTIFS($Y:$Y, Y15, $S:$S, ">"&S15) + 1 -> 19 | U15: =0.85*E15+T15*0.15 -> 14.75 | V15: =100.4-0.4*W15 -> 94.8 | W15: =COUNTIFS($Y:$Y, Y15, $U:$U, "<"&U15) + 1 -> 14 | X15: 29 | Y15: 智能制造工程
A16: 315 | B16: 1120232756 | C16: 钟生宇 | D16: =VLOOKUP([1]成绩单!B16,[1]Sheet1!$A:$K,4,0) -> 精工2310 | E16: 15 | F16: 0.517241 | G16: 81.1299 | H16: 59 | I16: 140.5 | J16: 0 | K16: 0 | L16: 是 | M16: 0.2 | N16: 0.3 | O16: 1.8 | P16: 1.5 | Q16: 4.7 | S16: =SUM(M16:Q16) -> 8.5 | T16: =COUNTIFS($Y:$Y, Y16, $S:$S, ">"&S16) + 1 -> 20 | U16: =0.85*E16+T16*0.15 -> 15.75 | V16: =100.4-0.4*W16 -> 94.4 | W16: =COUNTIFS($Y:$Y, Y16, $U:$U, "<"&U16) + 1 -> 15 | X16: 29 | Y16: 智能制造工程
A17: 316 | B17: 1120231748 | C17: 谢尚文 | D17: =VLOOKUP([1]成绩单!B19,[1]Sheet1!$A:$K,4,0) -> 精工2311 | E17: 18 | F17: 0.62069 | G17: 79.2245 | H17: 63 | I17: 147 | J17: 2 | K17: 0 | L17: 是 | M17: 3.9 | N17: 4.6 | O17: 6.5 | P17: 15.75 | Q17: 2.85 | S17: =SUM(M17:Q17) -> 33.6 | T17: =COUNTIFS($Y:$Y, Y17, $S:$S, ">"&S17) + 1 -> 6 | U17: =0.85*E17+T17*0.15 -> 16.2 | V17: =100.4-0.4*W17 -> 94 | W17: =COUNTIFS($Y:$Y, Y17, $U:$U, "<"&U17) + 1 -> 16 | X17: 29 | Y17: 智能制造工程
A18: 317 | B18: 1120232317 | C18: 杨焱钧 | D18: =VLOOKUP([1]成绩单!B17,[1]Sheet1!$A:$K,4,0) -> 精工2313 | E18: 16 | F18: 0.551724 | G18: 80.4667 | H18: 62 | I18: 142.5 | J18: 1 | K18: 1 | L18: 是 | M18: 1.6 | N18: 0.7 | O18: 1.5 | P18: 0.45 | Q18: 3.5 | S18: =SUM(M18:Q18) -> 7.75 | T18: =COUNTIFS($Y:$Y, Y18, $S:$S, ">"&S18) + 1 -> 22 | U18: =0.85*E18+T18*0.15 -> 16.9 | V18: =100.4-0.4*W18 -> 93.6 | W18: =COUNTIFS($Y:$Y, Y18, $U:$U, "<"&U18) + 1 -> 17 | X18: 29 | Y18: 智能制造工程
A19: 318 | B19: 1120231273 | C19: 黄子逑 | D19: =VLOOKUP([1]成绩单!B18,[1]Sheet1!$A:$K,4,0) -> 精工2311 | E19: 17 | F19: 0.586207 | G19: 79.9337 | H19: 59 | I19: 139.5 | J19: 0 | K19: 0 | L19: 是 | M19: 0 | N19: -0.5 | O19: 0 | P19: -1.5 | Q19: 0 | S19: =SUM(M19:Q19) -> -2 | T19: =COUNTIFS($Y:$Y, Y19, $S:$S, ">"&S19) + 1 -> 29 | U19: =0.85*E19+T19*0.15 -> 18.8 | V19: =100.4-0.4*W19 -> 93.2 | W19: =COUNTIFS($Y:$Y, Y19, $U:$U, "<"&U19) + 1 -> 18 | X19: 29 | Y19: 智能制造工程
A20: 319 | B20: 1120232053 | C20: 蒲东峻 | D20: =VLOOKUP([1]成绩单!B20,[1]Sheet1!$A:$K,4,0) -> 精工2312 | E20: 19 | F20: 0.655172 | G20: 77.6993 | H20: 60 | I20: 140.5 | J20: 0 | K20: 0 | L20: 是 | M20: 0.85 | N20: 1 | O20: 0.8 | P20: 1.5 | Q20: 5.7 | S20: =SUM(M20:Q20) -> 9.85 | T20: =COUNTIFS($Y:$Y, Y20, $S:$S, ">"&S20) + 1 -> 18 | U20: =0.85*E20+T20*0.15 -> 18.85 | V20: =100.4-0.4*W20 -> 92.8 | W20: =COUNTIFS($Y:$Y, Y20, $U:$U, "<"&U20) + 1 -> 19 | X20: 29 | Y20: 智能制造工程
A21: 320 | B21: 1120230838 | C21: 时境 | D21: =VLOOKUP([1]成绩单!B22,[1]Sheet1!$A:$K,4,0) -> 精工2310 | E21: 21 | F21: 0.724138 | G21: 76.5228 | H21: 60 | I21: 142.5 | J21: 2 | K21: 2 | L21: 是 | M21: 5.1 | N21: 3.5 | O21: 1 | P21: -1.5 | Q21: 3 | S21: =SUM(M21:Q21) -> 11.1 | T21: =COUNTIFS($Y:$Y, Y21, $S:$S, ">"&S21) + 1 -> 16 | U21: =0.85*E21+T21*0.15 -> 20.25 | V21: =100.4-0.4*W21 -> 92.4 | W21: =COUNTIFS($Y:$Y, Y21, $U:$U, "<"&U21) + 1 -> 20 | X21: 29 | Y21: 智能制造工程
A22: 321 | B22: 1120230984 | C22: 李伟 | D22: =VLOOKUP([1]成绩单!B21,[1]Sheet1!$A:$K,4,0) -> 精工2313 | E22: 20 | F22: 0.689655 | G22: 77.5707 | H22: 63 | I22: 148.5 | J22: 1 | K22: 1 | L22: 是 | M22: 0 | N22: 0 | O22: 0 | P22: 0 | Q22: 0 | S22: =SUM(M22:Q22) -> 0 | T22: =COUNTIFS($Y:$Y, Y22, $S:$S, ">"&S22) + 1 -> 27 | U22: =0.85*E22+T22*0.15 -> 21.05 | V22: =100.4-0.4*W22 -> 92 | W22: =COUNTIFS($Y:$Y, Y22, $U:$U, "<"&U22) + 1 -> 21 | X22: 29 | Y22: 智能制造工程
A23: 322 | B23: 1120233419 | C23: 朱志强 | D23: =VLOOKUP([1]成绩单!B23,[1]Sheet1!$A:$K,4,0) -> 精工2312 | E23: 22 | F23: 0.758621 | G23: 76.4983 | H23: 62 | I23: 144.5 | J23: 1 | K23: 1 | L23: 是 | M23: 3.55 | N23: 3.1 | O23: 0 | P23: -1.5 | Q23: 3 | S23: =SUM(M23:Q23) -> 8.15 | T23: =COUNTIFS($Y:$Y, Y23, $S:$S, ">"&S23) + 1 -> 21 | U23: =0.85*E23+T23*0.15 -> 21.85 | V23: =100.4-0.4*W23 -> 91.6 | W23: =COUNTIFS($Y:$Y, Y23, $U:$U, "<"&U23) + 1 -> 22 | X23: 29 | Y23: 智能制造工程
A24: 323 | B24: 1120230334 | C24: 李沛昕 | D24: =VLOOKUP([1]成绩单!B24,[1]Sheet1!$A:$K,4,0) -> 精工2312 | E24: 23 | F24: 0.793103 | G24: 74.4712 | H24: 59 | I24: 139 | J24: 2 | K24: 2 | L24: 是 | M24: 1.2 | N24: -0.5 | O24: 0 | P24: -1 | Q24: 2.5 | S24: =SUM(M24:Q24) -> 2.2 | T24: =COUNTIFS($Y:$Y, Y24, $S:$S, ">"&S24) + 1 -> 24 | U24: =0.85*E24+T24*0.15 -> 23.15 | V24: =100.4-0.4*W24 -> 91.2 | W24: =COUNTIFS($Y:$Y, Y24, $U:$U, "<"&U24) + 1 -> 23 | X24: 29 | Y24: 智能制造工程
A25: 324 | B25: 1120232511 | C25: 谭烨 | D25: =VLOOKUP([1]成绩单!B27,[1]Sheet1!$A:$K,4,0) -> 精工2312 | E25: 26 | F25: 0.896552 | G25: 69.0295 | H25: 62 | I25: 144 | J25: 4 | K25: 4 | L25: 否 | M25: 3.025 | N25: 3.7 | O25: 3.2 | P25: 1.7 | Q25: 4.75 | S25: =SUM(M25:Q25) -> 16.375 | T25: =COUNTIFS($Y:$Y, Y25, $S:$S, ">"&S25) + 1 -> 13 | U25: =0.85*E25+T25*0.15 -> 24.05 | V25: =100.4-0.4*W25 -> 90.8 | W25: =COUNTIFS($Y:$Y, Y25, $U:$U, "<"&U25) + 1 -> 24 | X25: 29 | Y25: 智能制造工程
A26: 325 | B26: 1120232221 | C26: 张阳阳 | D26: =VLOOKUP([1]成绩单!B25,[1]Sheet1!$A:$K,4,0) -> 精工2312 | E26: 24 | F26: 0.827586 | G26: 73.9626 | H26: 60 | I26: 140.5 | J26: 1 | K26: 1 | L26: 是 | M26: 1 | N26: 1 | O26: 0 | P26: -1 | Q26: 0 | S26: =SUM(M26:Q26) -> 1 | T26: =COUNTIFS($Y:$Y, Y26, $S:$S, ">"&S26) + 1 -> 26 | U26: =0.85*E26+T26*0.15 -> 24.3 | V26: =100.4-0.4*W26 -> 90.4 | W26: =COUNTIFS($Y:$Y, Y26, $U:$U, "<"&U26) + 1 -> 25 | X26: 29 | Y26: 智能制造工程
A27: 326 | B27: 1120231779 | C27: 崔华侨 | D27: =VLOOKUP([1]成绩单!B26,[1]Sheet1!$A:$K,4,0) -> 精工2311 | E27: 25 | F27: 0.862069 | G27: 73.8218 | H27: 57 | I27: 137.5 | J27: 1 | K27: 1 | L27: 是 | M27: 1.4 | N27: -1 | O27: 0.5 | P27: -0.8 | Q27: 3.2 | S27: =SUM(M27:Q27) -> 3.3 | T27: =COUNTIFS($Y:$Y, Y27, $S:$S, ">"&S27) + 1 -> 23 | U27: =0.85*E27+T27*0.15 -> 24.7 | V27: =100.4-0.4*W27 -> 90 | W27: =COUNTIFS($Y:$Y, Y27, $U:$U, "<"&U27) + 1 -> 26 | X27: 29 | Y27: 智能制造工程
A28: 327 | B28: 1120231277 | C28: 黎潍嘉 | D28: =VLOOKUP([1]成绩单!B28,[1]Sheet1!$A:$K,4,0) -> 精工2313 | E28: 27 | F28: 0.931034 | G28: 68.0941 | H28: 62 | I28: 143.5 | J28: 5 | K28: 4 | L28: 是 | M28: 1.2 | N28: 0.2 | O28: 0.3 | P28: -0.8 | Q28: 0.2 | S28: =SUM(M28:Q28) -> 1.1 | T28: =COUNTIFS($Y:$Y, Y28, $S:$S, ">"&S28) + 1 -> 25 | U28: =0.85*E28+T28*0.15 -> 26.7 | V28: =100.4-0.4*W28 -> 89.6 | W28: =COUNTIFS($Y:$Y, Y28, $U:$U, "<"&U28) + 1 -> 27 | X28: 29 | Y28: 智能制造工程
A29: 328 | B29: 1120231442 | C29: 李冠诚 | D29: =VLOOKUP([1]成绩单!B30,[1]Sheet1!$A:$K,4,0) -> 精工2310 | E29: 29 | F29: 1 | G29: 56.0825 | H29: 62 | I29: 145.5 | J29: 13 | K29: 6 | L29: 是 | M29: 7 | N29: 7 | O29: 0 | P29: 0 | Q29: 0 | S29: =SUM(M29:Q29) -> 14 | T29: =COUNTIFS($Y:$Y, Y29, $S:$S, ">"&S29) + 1 -> 15 | U29: =0.85*E29+T29*0.15 -> 26.9 | V29: =100.4-0.4*W29 -> 89.2 | W29: =COUNTIFS($Y:$Y, Y29, $U:$U, "<"&U29) + 1 -> 28 | X29: 29 | Y29: 智能制造工程
A30: 329 | B30: 1120231011 | C30: 张珏航 | D30: =VLOOKUP([1]成绩单!B29,[1]Sheet1!$A:$K,4,0) -> 精工2312 | E30: 28 | F30: 0.965517 | G30: 57.926 | H30: 60 | I30: 138.5 | J30: 13 | K30: 7 | L30: 是 | M30: 1.2 | N30: -0.5 | O30: 0 | P30: -1.5 | Q30: 0 | S30: =SUM(M30:Q30) -> -0.8 | T30: =COUNTIFS($Y:$Y, Y30, $S:$S, ">"&S30) + 1 -> 28 | U30: =0.85*E30+T30*0.15 -> 28 | V30: =100.4-0.4*W30 -> 88.8 | W30: =COUNTIFS($Y:$Y, Y30, $U:$U, "<"&U30) + 1 -> 29 | X30: 29 | Y30: 智能制造工程

Sheet 装甲车辆工程
A1: 序号 | B1: 学号 | C1: 姓名 | D1: 班级 | E1: 课程成绩 本专业名 次 | F1: 课程成绩本 专业排名百 分比 | G1: 课程成绩计算结果 | H1: 纳入计算 的课程数 | I1: 纳入计算课程 获得总学分 | J1: 不及格课 程门数 | K1: 不及格课 程已通过 门数 | L1: 是否通过全 国大学英语 四级 | M1: 第1学期其他表现 | N1: 第2学期其他表现 | O1: 第3学期其他表现 | P1: 第4学期其他表现 | Q1: 第5学期其他表现 | R1: 第6学期其他表现 | S1: 其他表现成绩 | T1: 其他表现 排名名次 | U1: 综合成绩 | V1: 综合 成绩 | W1: 综合排名 名次 | X1: 排名 人数 | Y1: 专业 | Z1: 备注
A2: 330 | B2: 1120231527 | C2: 张朝鑫 | D2: =VLOOKUP([1]成绩单!B31,[1]Sheet1!$A:$K,4,0) -> 精工2313 | E2: 1 | F2: 0.016129 | G2: 92.9642 | H2: 64 | I2: 139.5 | J2: 0 | K2: 0 | L2: 是 | M2: 3.5 | N2: 5.6 | O2: 8.2 | P2: 4.7 | Q2: 7.8 | S2: =SUM(M2:Q2) -> 29.8 | T2: =COUNTIFS($Y$2:$Y$63, Y2, $S$2:$S$63, ">"&S2) + 1 -> 11 | U2: =0.85*E2+T2*0.15 -> 2.5 | V2: =100.4-0.4*W2 -> 100 | W2: =COUNTIFS($Y$2:$Y$63, Y2, $U$2:$U$63, "<"&U2) + 1 -> 1 | X2: 62 | Y2: 装甲车辆工程
A3: 331 | B3: 1120232302 | C3: 周靖凯 | D3: =VLOOKUP([1]成绩单!B33,[1]Sheet1!$A:$K,4,0) -> 精工2312 | E3: 3 | F3: 0.048387 | G3: 89.8891 | H3: 63 | I3: 137.5 | J3: 0 | K3: 0 | L3: 是 | M3: 2.7 | N3: 7.1 | O3: 8.7 | P3: 8.7 | Q3: 11 | S3: =SUM(M3:Q3) -> 38.2 | T3: =COUNTIFS($Y$2:$Y$63, Y3, $S$2:$S$63, ">"&S3) + 1 -> 7 | U3: =0.85*E3+T3*0.15 -> 3.6 | V3: =100.4-0.4*W3 -> 99.6 | W3: =COUNTIFS($Y$2:$Y$63, Y3, $U$2:$U$63, "<"&U3) + 1 -> 2 | X3: 62 | Y3: 装甲车辆工程
A4: 332 | B4: 1120232227 | C4: 郑昕黎 | D4: =VLOOKUP([1]成绩单!B35,[1]Sheet1!$A:$K,4,0) -> 精工2310 | E4: 5 | F4: 0.080645 | G4: 89.5323 | H4: 64 | I4: 139.5 | J4: 0 | K4: 0 | L4: 是 | M4: 3.1 | N4: 15.4 | O4: 10.7 | P4: 10.4 | Q4: 11.3 | S4: =SUM(M4:Q4) -> 50.9 | T4: =COUNTIFS($Y$2:$Y$63, Y4, $S$2:$S$63, ">"&S4) + 1 -> 2 | U4: =0.85*E4+T4*0.15 -> 4.55 | V4: =100.4-0.4*W4 -> 99.2 | W4: =COUNTIFS($Y$2:$Y$63, Y4, $U$2:$U$63, "<"&U4) + 1 -> 3 | X4: 62 | Y4: 装甲车辆工程
A5: 333 | B5: 1120231790 | C5: 郭昊含 | D5: =VLOOKUP([1]成绩单!B32,[1]Sheet1!$A:$K,4,0) -> 精工2310 | E5: 2 | F5: 0.032258 | G5: 90.0691 | H5: 63 | I5: 137.5 | J5: 0 | K5: 0 | L5: 是 | M5: 2.2 | N5: 1 | O5: 3.6 | P5: 6.2 | Q5: 2.5 | S5: =SUM(M5:Q5) -> 15.5 | T5: =COUNTIFS($Y$2:$Y$63, Y5, $S$2:$S$63, ">"&S5) + 1 -> 22 | U5: =0.85*E5+T5*0.15 -> 5 | V5: =100.4-0.4*W5 -> 98.8 | W5: =COUNTIFS($Y$2:$Y$63, Y5, $U$2:$U$63, "<"&U5) + 1 -> 4 | X5: 62 | Y5: 装甲车辆工程
A6: 334 | B6: 1120232905 | C6: 钟霖奕 | D6: =VLOOKUP([1]成绩单!B34,[1]Sheet1!$A:$K,4,0) -> 精工2310 | E6: 4 | F6: 0.064516 | G6: 89.6466 | H6: 66 | I6: 141.5 | J6: 0 | K6: 0 | L6: 是 | M6: 0 | N6: 3.8 | O6: 4.95 | P6: 8.7 | Q6: 8.7 | S6: =SUM(M6:Q6) -> 26.15 | T6: =COUNTIFS($Y$2:$Y$63, Y6, $S$2:$S$63, ">"&S6) + 1 -> 14 | U6: =0.85*E6+T6*0.15 -> 5.5 | V6: =100.4-0.4*W6 -> 98.4 | W6: =COUNTIFS($Y$2:$Y$63, Y6, $U$2:$U$63, "<"&U6) + 1 -> 5 | X6: 62 | Y6: 装甲车辆工程
A7: 335 | B7: 1120231280 | C7: 刘雨露 | D7: =VLOOKUP([1]成绩单!B36,[1]Sheet1!$A:$K,4,0) -> 精工2311 | E7: 6 | F7: 0.096774 | G7: 89.0765 | H7: 65 | I7: 140.5 | J7: 0 | K7: 0 | L7: 是 | M7: 2.8 | N7: 6.4 | O7: 7.3 | P7: 5.8 | Q7: 7.7 | S7: =SUM(M7:Q7) -> 30 | T7: =COUNTIFS($Y$2:$Y$63, Y7, $S$2:$S$63, ">"&S7) + 1 -> 10 | U7: =0.85*E7+T7*0.15 -> 6.6 | V7: =100.4-0.4*W7 -> 98 | W7: =COUNTIFS($Y$2:$Y$63, Y7, $U$2:$U$63, "<"&U7) + 1 -> 6 | X7: 62 | Y7: 装甲车辆工程
A8: 336 | B8: 1120232889 | C8: 方梓轩 | D8: =VLOOKUP([1]成绩单!B37,[1]Sheet1!$A:$K,4,0) -> 精工2313 | E8: 7 | F8: 0.112903 | G8: 88.8375 | H8: 65 | I8: 141.5 | J8: 0 | K8: 0 | L8: 是 | M8: 1.8 | N8: 1.5 | O8: 1 | P8: 8.2 | Q8: 6.2 | S8: =SUM(M8:Q8) -> 18.7 | T8: =COUNTIFS($Y$2:$Y$63, Y8, $S$2:$S$63, ">"&S8) + 1 -> 20 | U8: =0.85*E8+T8*0.15 -> 8.95 | V8: =100.4-0.4*W8 -> 97.6 | W8: =COUNTIFS($Y$2:$Y$63, Y8, $U$2:$U$63, "<"&U8) + 1 -> 7 | X8: 62 | Y8: 装甲车辆工程
A9: 337 | B9: 1120231423 | C9: 赵喜平 | D9: =VLOOKUP([1]成绩单!B40,[1]Sheet1!$A:$K,4,0) -> 精工2312 | E9: 10 | F9: 0.16129 | G9: 88.3021 | H9: 67 | I9: 144 | J9: 0 | K9: 0 | L9: 是 | M9: 3 | N9: 5.94 | O9: 9.7 | P9: 14.54 | Q9: 12.7 | S9: =SUM(M9:Q9) -> 45.88 | T9: =COUNTIFS($Y$2:$Y$63, Y9, $S$2:$S$63, ">"&S9) + 1 -> 4 | U9: =0.85*E9+T9*0.15 -> 9.1 | V9: =100.4-0.4*W9 -> 97.2 | W9: =COUNTIFS($Y$2:$Y$63, Y9, $U$2:$U$63, "<"&U9) + 1 -> 8 | X9: 62 | Y9: 装甲车辆工程
A10: 338 | B10: 1120230741 | C10: 王宇豪 | D10: =VLOOKUP([1]成绩单!B41,[1]Sheet1!$A:$K,4,0) -> 精工2313 | E10: 11 | F10: 0.177419 | G10: 87.6862 | H10: 67 | I10: 145 | J10: 0 | K10: 0 | L10: 否 | M10: 4.7 | N10: 3 | O10: 13.8 | P10: 15.5 | Q10: 20.6 | S10: =SUM(M10:Q10) -> 57.6 | T10: =COUNTIFS($Y$2:$Y$63, Y10, $S$2:$S$63, ">"&S10) + 1 -> 1 | U10: =0.85*E10+T10*0.15 -> 9.5 | V10: =100.4-0.4*W10 -> 96.8 | W10: =COUNTIFS($Y$2:$Y$63, Y10, $U$2:$U$63, "<"&U10) + 1 -> 9 | X10: 62 | Y10: 装甲车辆工程
A11: 339 | B11: 1120232471 | C11: 沈晓曦 | D11: =VLOOKUP([1]成绩单!B39,[1]Sheet1!$A:$K,4,0) -> 精工2310 | E11: 9 | F11: 0.145161 | G11: 88.6281 | H11: 66 | I11: 140.5 | J11: 0 | K11: 0 | L11: 是 | M11: 2.7 | N11: 2.5 | O11: 2.1 | P11: 6 | Q11: 6.8 | S11: =SUM(M11:Q11) -> 20.1 | T11: =COUNTIFS($Y$2:$Y$63, Y11, $S$2:$S$63, ">"&S11) + 1 -> 19 | U11: =0.85*E11+T11*0.15 -> 10.5 | V11: =100.4-0.4*W11 -> 96.4 | W11: =COUNTIFS($Y$2:$Y$63, Y11, $U$2:$U$63, "<"&U11) + 1 -> 10 | X11: 62 | Y11: 装甲车辆工程
A12: 340 | B12: 1120232287 | C12: 张庭语 | D12: =VLOOKUP([1]成绩单!B38,[1]Sheet1!$A:$K,4,0) -> 精工2311 | E12: 8 | F12: 0.129032 | G12: 88.6484 | H12: 62 | I12: 136.5 | J12: 0 | K12: 0 | L12: 是 | M12: 3.3 | N12: 2 | O12: 1.3 | P12: 2.5 | Q12: 1.9 | S12: =SUM(M12:Q12) -> 11 | T12: =COUNTIFS($Y$2:$Y$63, Y12, $S$2:$S$63, ">"&S12) + 1 -> 30 | U12: =0.85*E12+T12*0.15 -> 11.3 | V12: =100.4-0.4*W12 -> 96 | W12: =COUNTIFS($Y$2:$Y$63, Y12, $U$2:$U$63, "<"&U12) + 1 -> 11 | X12: 62 | Y12: 装甲车辆工程
A13: 341 | B13: 1120232226 | C13: 黄家华 | D13: =VLOOKUP([1]成绩单!B43,[1]Sheet1!$A:$K,4,0) -> 精工2311 | E13: 13 | F13: 0.209677 | G13: 87.0158 | H13: 66 | I13: 142.5 | J13: 0 | K13: 0 | L13: 是 | M13: 2.15 | N13: 7.2 | O13: 21.6 | P13: 12.3 | Q13: 0 | S13: =SUM(M13:Q13) -> 43.25 | T13: =COUNTIFS($Y$2:$Y$63, Y13, $S$2:$S$63, ">"&S13) + 1 -> 5 | U13: =0.85*E13+T13*0.15 -> 11.8 | V13: =100.4-0.4*W13 -> 95.6 | W13: =COUNTIFS($Y$2:$Y$63, Y13, $U$2:$U$63, "<"&U13) + 1 -> 12 | X13: 62 | Y13: 装甲车辆工程
A14: 342 | B14: 1120232297 | C14: 赵元熙 | D14: =VLOOKUP([1]成绩单!B44,[1]Sheet1!$A:$K,4,0) -> 精工2311 | E14: 14 | F14: 0.225806 | G14: 86.6165 | H14: 72 | I14: 154.5 | J14: 0 | K14: 0 | L14: 是 | M14: 3 | N14: 7.14 | O14: 12.1 | P14: 7.2 | Q14: 18.9 | S14: =SUM(M14:Q14) -> 48.34 | T14: =COUNTIFS($Y$2:$Y$63, Y14, $S$2:$S$63, ">"&S14) + 1 -> 3 | U14: =0.85*E14+T14*0.15 -> 12.35 | V14: =100.4-0.4*W14 -> 95.2 | W14: =COUNTIFS($Y$2:$Y$63, Y14, $U$2:$U$63, "<"&U14) + 1 -> 13 | X14: 62 | Y14: 装甲车辆工程
A15: 343 | B15: 1120231785 | C15: 赵丹宁 | D15: =VLOOKUP([1]成绩单!B42,[1]Sheet1!$A:$K,4,0) -> 精工2310 | E15: 12 | F15: 0.193548 | G15: 87.053 | H15: 65 | I15: 141.5 | J15: 0 | K15: 0 | L15: 是 | M15: 2.9 | N15: 2 | O15: 5.6 | P15: 6.5 | Q15: 8.44 | S15: =SUM(M15:Q15) -> 25.44 | T15: =COUNTIFS($Y$2:$Y$63, Y15, $S$2:$S$63, ">"&S15) + 1 -> 16 | U15: =0.85*E15+T15*0.15 -> 12.6 | V15: =100.4-0.4*W15 -> 94.8 | W15: =COUNTIFS($Y$2:$Y$63, Y15, $U$2:$U$63, "<"&U15) + 1 -> 14 | X15: 62 | Y15: 装甲车辆工程
A16: 344 | B16: 1120233381 | C16: 肖涵 | D16: =VLOOKUP([1]成绩单!B47,[1]Sheet1!$A:$K,4,0) -> 精工2311 | E16: 17 | F16: 0.274194 | G16: 85.6638 | H16: 68 | I16: 145 | J16: 0 | K16: 0 | L16: 是 | M16: 4 | N16: 5.5 | O16: 7 | P16: 9.2 | Q16: 12.9 | S16: =SUM(M16:Q16) -> 38.6 | T16: =COUNTIFS($Y$2:$Y$63, Y16, $S$2:$S$63, ">"&S16) + 1 -> 6 | U16: =0.85*E16+T16*0.15 -> 15.35 | V16: =100.4-0.4*W16 -> 94.4 | W16: =COUNTIFS($Y$2:$Y$63, Y16, $U$2:$U$63, "<"&U16) + 1 -> 15 | X16: 62 | Y16: 装甲车辆工程
A17: 345 | B17: 1120231441 | C17: 路博宇 | D17: =VLOOKUP([1]成绩单!B46,[1]Sheet1!$A:$K,4,0) -> 精工2311 | E17: 16 | F17: 0.258065 | G17: 85.9403 | H17: 68 | I17: 146.5 | J17: 0 | K17: 0 | L17: 是 | M17: 4.4 | N17: 4.2 | O17: 4.5 | P17: 6.8 | Q17: 3 | S17: =SUM(M17:Q17) -> 22.9 | T17: =COUNTIFS($Y$2:$Y$63, Y17, $S$2:$S$63, ">"&S17) + 1 -> 17 | U17: =0.85*E17+T17*0.15 -> 16.15 | V17: =100.4-0.4*W17 -> 94 | W17: =COUNTIFS($Y$2:$Y$63, Y17, $U$2:$U$63, "<"&U17) + 1 -> 16 | X17: 62 | Y17: 装甲车辆工程
A18: 346 | B18: 1120232218 | C18: 刘念荷 | D18: =VLOOKUP([1]成绩单!B48,[1]Sheet1!$A:$K,4,0) -> 精工2312 | E18: 18 | F18: 0.290323 | G18: 85.1979 | H18: 65 | I18: 141.5 | J18: 0 | K18: 0 | L18: 是 | M18: 5.1 | N18: 4.85 | O18: 5.55 | P18: 10.7 | Q18: 10.8 | S18: =SUM(M18:Q18) -> 37 | T18: =COUNTIFS($Y$2:$Y$63, Y18, $S$2:$S$63, ">"&S18) + 1 -> 8 | U18: =0.85*E18+T18*0.15 -> 16.5 | V18: =100.4-0.4*W18 -> 93.6 | W18: =COUNTIFS($Y$2:$Y$63, Y18, $U$2:$U$63, "<"&U18) + 1 -> 17 | X18: 62 | Y18: 装甲车辆工程
A19: 347 | B19: 1120232318 | C19: 裴浚博 | D19: =VLOOKUP([1]成绩单!B49,[1]Sheet1!$A:$K,4,0) -> 精工2313 | E19: 19 | F19: 0.306452 | G19: 84.6459 | H19: 72 | I19: 152.5 | J19: 0 | K19: 0 | L19: 是 | M19: 2.8 | N19: 3 | O19: 7 | P19: 6.4 | Q19: 8.7 | S19: =SUM(M19:Q19) -> 27.9 | T19: =COUNTIFS($Y$2:$Y$63, Y19, $S$2:$S$63, ">"&S19) + 1 -> 12 | U19: =0.85*E19+T19*0.15 -> 17.95 | V19: =100.4-0.4*W19 -> 93.2 | W19: =COUNTIFS($Y$2:$Y$63, Y19, $U$2:$U$63, "<"&U19) + 1 -> 18 | X19: 62 | Y19: 装甲车辆工程
A20: 348 | B20: 1120231279 | C20: 江博凯 | D20: =VLOOKUP([1]成绩单!B51,[1]Sheet1!$A:$K,4,0) -> 精工2311 | E20: 21 | F20: 0.33871 | G20: 84.2091 | H20: 63 | I20: 137.5 | J20: 0 | K20: 0 | L20: 是 | M20: 1.85 | N20: 4 | O20: 8.8 | P20: 8.6 | Q20: 9.5 | S20: =SUM(M20:Q20) -> 32.75 | T20: =COUNTIFS($Y$2:$Y$63, Y20, $S$2:$S$63, ">"&S20) + 1 -> 9 | U20: =0.85*E20+T20*0.15 -> 19.2 | V20: =100.4-0.4*W20 -> 92.8 | W20: =COUNTIFS($Y$2:$Y$63, Y20, $U$2:$U$63, "<"&U20) + 1 -> 19 | X20: 62 | Y20: 装甲车辆工程
A21: 349 | B21: 1120232755 | C21: 曾可嘉 | D21: =VLOOKUP([1]成绩单!B50,[1]Sheet1!$A:$K,4,0) -> 精工2313 | E21: 20 | F21: 0.322581 | G21: 84.4381 | H21: 69 | I21: 149.5 | J21: 0 | K21: 0 | L21: 是 | M21: 1.1 | N21: 2.7 | O21: 3 | P21: 4.7 | Q21: 2.5 | S21: =SUM(M21:Q21) -> 14 | T21: =COUNTIFS($Y$2:$Y$63, Y21, $S$2:$S$63, ">"&S21) + 1 -> 26 | U21: =0.85*E21+T21*0.15 -> 20.9 | V21: =100.4-0.4*W21 -> 92.4 | W21: =COUNTIFS($Y$2:$Y$63, Y21, $U$2:$U$63, "<"&U21) + 1 -> 20 | X21: 62 | Y21: 装甲车辆工程
A22: 350 | B22: 1120232868 | C22: 周星宇 | D22: =VLOOKUP([1]成绩单!B45,[1]Sheet1!$A:$K,4,0) -> 精工2310 | E22: 15 | F22: 0.241935 | G22: 86.0288 | H22: 71 | I22: 147.5 | J22: 0 | K22: 0 | L22: 是 | M22: 0 | N22: 0.7 | O22: 0.3 | P22: 0 | Q22: 0 | S22: =SUM(M22:Q22) -> 1 | T22: =COUNTIFS($Y$2:$Y$63, Y22, $S$2:$S$63, ">"&S22) + 1 -> 57 | U22: =0.85*E22+T22*0.15 -> 21.3 | V22: =100.4-0.4*W22 -> 92 | W22: =COUNTIFS($Y$2:$Y$63, Y22, $U$2:$U$63, "<"&U22) + 1 -> 21 | X22: 62 | Y22: 装甲车辆工程
A23: 351 | B23: 1120232514 | C23: 王钢 | D23: =VLOOKUP([1]成绩单!B53,[1]Sheet1!$A:$K,4,0) -> 精工2312 | E23: 23 | F23: 0.370968 | G23: 83.6613 | H23: 64 | I23: 139.5 | J23: 0 | K23: 0 | L23: 是 | M23: 0.45 | N23: 1 | O23: 3.9 | P23: 0.9 | Q23: 0 | S23: =SUM(M23:Q23) -> 6.25 | T23: =COUNTIFS($Y$2:$Y$63, Y23, $S$2:$S$63, ">"&S23) + 1 -> 38 | U23: =0.85*E23+T23*0.15 -> 25.25 | V23: =100.4-0.4*W23 -> 91.6 | W23: =COUNTIFS($Y$2:$Y$63, Y23, $U$2:$U$63, "<"&U23) + 1 -> 22 | X23: 62 | Y23: 装甲车辆工程
A24: 352 | B24: 1120231773 | C24: 郭哲 | D24: =VLOOKUP([1]成绩单!B52,[1]Sheet1!$A:$K,4,0) -> 精工2311 | E24: 22 | F24: 0.354839 | G24: 83.8154 | H24: 64 | I24: 139.5 | J24: 0 | K24: 0 | L24: 是 | M24: 1 | N24: 1 | O24: 1 | P24: 0 | Q24: 0.2 | S24: =SUM(M24:Q24) -> 3.2 | T24: =COUNTIFS($Y$2:$Y$63, Y24, $S$2:$S$63, ">"&S24) + 1 -> 48 | U24: =0.85*E24+T24*0.15 -> 25.9 | V24: =100.4-0.4*W24 -> 91.2 | W24: =COUNTIFS($Y$2:$Y$63, Y24, $U$2:$U$63, "<"&U24) + 1 -> 23 | X24: 62 | Y24: 装甲车辆工程
A25: 353 | B25: 1120231026 | C25: 陈丁 | D25: =VLOOKUP([1]成绩单!B55,[1]Sheet1!$A:$K,4,0) -> 精工2312 | E25: 25 | F25: 0.403226 | G25: 82.3077 | H25: 65 | I25: 143 | J25: 0 | K25: 0 | L25: 是 | M25: 3.15 | N25: 1.55 | O25: 1.5 | P25: 1.1 | Q25: 3.4 | S25: =SUM(M25:Q25) -> 10.7 | T25: =COUNTIFS($Y$2:$Y$63, Y25, $S$2:$S$63, ">"&S25) + 1 -> 32 | U25: =0.85*E25+T25*0.15 -> 26.05 | V25: =100.4-0.4*W25 -> 90.8 | W25: =COUNTIFS($Y$2:$Y$63, Y25, $U$2:$U$63, "<"&U25) + 1 -> 24 | X25: 62 | Y25: 装甲车辆工程
A26: 354 | B26: 1120231438 | C26: 白羽彤 | D26: =VLOOKUP([1]成绩单!B58,[1]Sheet1!$A:$K,4,0) -> 精工2312 | E26: 28 | F26: 0.451613 | G26: 81.7978 | H26: 63 | I26: 138.5 | J26: 0 | K26: 0 | L26: 是 | M26: 2.35 | N26: 1.7 | O26: 6.5 | P26: 7.9 | Q26: 7.4 | S26: =SUM(M26:Q26) -> 25.85 | T26: =COUNTIFS($Y$2:$Y$63, Y26, $S$2:$S$63, ">"&S26) + 1 -> 15 | U26: =0.85*E26+T26*0.15 -> 26.05 | V26: =100.4-0.4*W26 -> 90.8 | W26: =COUNTIFS($Y$2:$Y$63, Y26, $U$2:$U$63, "<"&U26) + 1 -> 24 | X26: 62 | Y26: 装甲车辆工程
A27: 355 | B27: 1120232498 | C27: 李承泽 | D27: =VLOOKUP([1]成绩单!B54,[1]Sheet1!$A:$K,4,0) -> 精工2313 | E27: 24 | F27: 0.387097 | G27: 83.3768 | H27: 66 | I27: 142 | J27: 0 | K27: 0 | L27: 是 | M27: 0.2 | N27: 1.2 | O27: 0.2 | P27: 1.2 | Q27: 3.25 | S27: =SUM(M27:Q27) -> 6.05 | T27: =COUNTIFS($Y$2:$Y$63, Y27, $S$2:$S$63, ">"&S27) + 1 -> 39 | U27: =0.85*E27+T27*0.15 -> 26.25 | V27: =100.4-0.4*W27 -> 90 | W27: =COUNTIFS($Y$2:$Y$63, Y27, $U$2:$U$63, "<"&U27) + 1 -> 26 | X27: 62 | Y27: 装甲车辆工程
A28: 356 | B28: 1120231431 | C28: 李寅博 | D28: =VLOOKUP([1]成绩单!B57,[1]Sheet1!$A:$K,4,0) -> 精工2312 | E28: 27 | F28: 0.435484 | G28: 81.8895 | H28: 64 | I28: 138 | J28: 0 | K28: 0 | L28: 是 | M28: 2 | N28: 1.5 | O28: 2.8 | P28: 6.34 | Q28: 1.9 | S28: =SUM(M28:Q28) -> 14.54 | T28: =COUNTIFS($Y$2:$Y$63, Y28, $S$2:$S$63, ">"&S28) + 1 -> 25 | U28: =0.85*E28+T28*0.15 -> 26.7 | V28: =100.4-0.4*W28 -> 89.6 | W28: =COUNTIFS($Y$2:$Y$63, Y28, $U$2:$U$63, "<"&U28) + 1 -> 27 | X28: 62 | Y28: 装甲车辆工程
A29: 357 | B29: 1120231639 | C29: 李思源 | D29: =VLOOKUP([1]成绩单!B56,[1]Sheet1!$A:$K,4,0) -> 精工2312 | E29: 26 | F29: 0.419355 | G29: 81.8982 | H29: 63 | I29: 137.5 | J29: 0 | K29: 0 | L29: 是 | M29: 2.2 | N29: 2.95 | O29: 1.5 | P29: 0.48 | Q29: 0 | S29: =SUM(M29:Q29) -> 7.13 | T29: =COUNTIFS($Y$2:$Y$63, Y29, $S$2:$S$63, ">"&S29) + 1 -> 36 | U29: =0.85*E29+T29*0.15 -> 27.5 | V29: =100.4-0.4*W29 -> 89.2 | W29: =COUNTIFS($Y$2:$Y$63, Y29, $U$2:$U$63, "<"&U29) + 1 -> 28 | X29: 62 | Y29: 装甲车辆工程
A30: 358 | B30: 1120233574 | C30: 王铄祥 | D30: =VLOOKUP([1]成绩单!B59,[1]Sheet1!$A:$K,4,0) -> 精工2313 | E30: 29 | F30: 0.467742 | G30: 81.2041 | H30: 69 | I30: 147 | J30: 1 | K30: 1 | L30: 是 | M30: 0.8 | N30: 0 | O30: 0.4 | P30: 1 | Q30: 2.4 | S30: =SUM(M30:Q30) -> 4.6 | T30: =COUNTIFS($Y$2:$Y$63, Y30, $S$2:$S$63, ">"&S30) + 1 -> 43 | U30: =0.85*E30+T30*0.15 -> 31.1 | V30: =100.4-0.4*W30 -> 88.8 | W30: =COUNTIFS($Y$2:$Y$63, Y30, $U$2:$U$63, "<"&U30) + 1 -> 29 | X30: 62 | Y30: 装甲车辆工程
A31: 359 | B31: 1120232206 | C31: 刘京灵 | D31: =VLOOKUP([1]成绩单!B60,[1]Sheet1!$A:$K,4,0) -> 精工2310 | E31: 30 | F31: 0.483871 | G31: 80.1599 | H31: 67 | I31: 142.25 | J31: 0 | K31: 0 | L31: 是 | M31: 1.4 | N31: 0.2 | O31: 2.7 | P31: 1.2 | Q31: 0.2 | S31: =SUM(M31:Q31) -> 5.7 | T31: =COUNTIFS($Y$2:$Y$63, Y31, $S$2:$S$63, ">"&S31) + 1 -> 40 | U31: =0.85*E31+T31*0.15 -> 31.5 | V31: =100.4-0.4*W31 -> 88.4 | W31: =COUNTIFS($Y$2:$Y$63, Y31, $U$2:$U$63, "<"&U31) + 1 -> 30 | X31: 62 | Y31: 装甲车辆工程
A32: 360 | B32: 1120232199 | C32: 陈伦 | D32: =VLOOKUP([1]成绩单!B64,[1]Sheet1!$A:$K,4,0) -> 精工2313 | E32: 34 | F32: 0.548387 | G32: 78.8159 | H32: 66 | I32: 141.25 | J32: 2 | K32: 1 | L32: 是 | M32: 3.8 | N32: 2.525 | O32: 11.6 | P32: 4.45 | Q32: 0 | S32: =SUM(M32:Q32) -> 22.375 | T32: =COUNTIFS($Y$2:$Y$63, Y32, $S$2:$S$63, ">"&S32) + 1 -> 18 | U32: =0.85*E32+T32*0.15 -> 31.6 | V32: =100.4-0.4*W32 -> 88 | W32: =COUNTIFS($Y$2:$Y$63, Y32, $U$2:$U$63, "<"&U32) + 1 -> 31 | X32: 62 | Y32: 装甲车辆工程
A33: 361 | B33: 1120231012 | C33: 黄慧轩 | D33: =VLOOKUP([1]成绩单!B62,[1]Sheet1!$A:$K,4,0) -> 精工2310 | E33: 32 | F33: 0.516129 | G33: 79.4255 | H33: 63 | I33: 137.5 | J33: 2 | K33: 2 | L33: 是 | M33: 3 | N33: 1.2 | O33: 2.4 | P33: 1.15 | Q33: 1.2 | S33: =SUM(M33:Q33) -> 8.95 | T33: =COUNTIFS($Y$2:$Y$63, Y33, $S$2:$S$63, ">"&S33) + 1 -> 34 | U33: =0.85*E33+T33*0.15 -> 32.3 | V33: =100.4-0.4*W33 -> 87.6 | W33: =COUNTIFS($Y$2:$Y$63, Y33, $U$2:$U$63, "<"&U33) + 1 -> 32 | X33: 62 | Y33: 装甲车辆工程
A34: 362 | B34: 1120232513 | C34: 杨书懿 | D34: =VLOOKUP([1]成绩单!B66,[1]Sheet1!$A:$K,4,0) -> 精工2311 | E34: 36 | F34: 0.580645 | G34: 77.9983 | H34: 66 | I34: 143.5 | J34: 1 | K34: 0 | L34: 是 | M34: 1.9 | N34: 1.2 | O34: 2 | P34: 5.6 | Q34: 0.7 | S34: =SUM(M34:Q34) -> 11.4 | T34: =COUNTIFS($Y$2:$Y$63, Y34, $S$2:$S$63, ">"&S34) + 1 -> 29 | U34: =0.85*E34+T34*0.15 -> 34.95 | V34: =100.4-0.4*W34 -> 87.2 | W34: =COUNTIFS($Y$2:$Y$63, Y34, $U$2:$U$63, "<"&U34) + 1 -> 33 | X34: 62 | Y34: 装甲车辆工程
A35: 363 | B35: 1120231539 | C35: 王曦 | D35: =VLOOKUP([1]成绩单!B61,[1]Sheet1!$A:$K,4,0) -> 精工2310 | E35: 31 | F35: 0.5 | G35: 79.6463 | H35: 66 | I35: 143.5 | J35: 0 | K35: 0 | L35: 否 | M35: 0 | N35: 0 | O35: 0 | P35: 0 | Q35: 0 | S35: =SUM(M35:Q35) -> 0 | T35: =COUNTIFS($Y$2:$Y$63, Y35, $S$2:$S$63, ">"&S35) + 1 -> 58 | U35: =0.85*E35+T35*0.15 -> 35.05 | V35: =100.4-0.4*W35 -> 86.8 | W35: =COUNTIFS($Y$2:$Y$63, Y35, $U$2:$U$63, "<"&U35) + 1 -> 34 | X35: 62 | Y35: 装甲车辆工程
A36: 364 | B36: 1120232874 | C36: 李睿熹 | D36: =VLOOKUP([1]成绩单!B63,[1]Sheet1!$A:$K,4,0) -> 精工2310 | E36: 33 | F36: 0.532258 | G36: 79.0807 | H36: 66 | I36: 142.5 | J36: 0 | K36: 0 | L36: 是 | M36: 0.2 | N36: 1 | O36: 0.5 | P36: 0 | Q36: 0.9 | S36: =SUM(M36:Q36) -> 2.6 | T36: =COUNTIFS($Y$2:$Y$63, Y36, $S$2:$S$63, ">"&S36) + 1 -> 51 | U36: =0.85*E36+T36*0.15 -> 35.7 | V36: =100.4-0.4*W36 -> 86.4 | W36: =COUNTIFS($Y$2:$Y$63, Y36, $U$2:$U$63, "<"&U36) + 1 -> 35 | X36: 62 | Y36: 装甲车辆工程
A37: 365 | B37: 1120232311 | C37: 姜润州 | D37: =VLOOKUP([1]成绩单!B68,[1]Sheet1!$A:$K,4,0) -> 精工2310 | E37: 38 | F37: 0.612903 | G37: 77.5789 | H37: 64 | I37: 139.5 | J37: 1 | K37: 0 | L37: 是 | M37: 2.5 | N37: 1 | O37: 6.5 | P37: 2.9 | Q37: 1 | S37: =SUM(M37:Q37) -> 13.9 | T37: =COUNTIFS($Y$2:$Y$63, Y37, $S$2:$S$63, ">"&S37) + 1 -> 27 | U37: =0.85*E37+T37*0.15 -> 36.35 | V37: =100.4-0.4*W37 -> 86 | W37: =COUNTIFS($Y$2:$Y$63, Y37, $U$2:$U$63, "<"&U37) + 1 -> 36 | X37: 62 | Y37: 装甲车辆工程
A38: 366 | B38: 1120232295 | C38: 王瑞峰 | D38: =VLOOKUP([1]成绩单!B65,[1]Sheet1!$A:$K,4,0) -> 精工2312 | E38: 35 | F38: 0.564516 | G38: 78.0351 | H38: 66 | I38: 142.5 | J38: 0 | K38: 0 | L38: 是 | M38: 0.6 | N38: 0.2 | O38: 0.8 | P38: 1 | Q38: 0 | S38: =SUM(M38:Q38) -> 2.6 | T38: =COUNTIFS($Y$2:$Y$63, Y38, $S$2:$S$63, ">"&S38) + 1 -> 51 | U38: =0.85*E38+T38*0.15 -> 37.4 | V38: =100.4-0.4*W38 -> 85.6 | W38: =COUNTIFS($Y$2:$Y$63, Y38, $U$2:$U$63, "<"&U38) + 1 -> 37 | X38: 62 | Y38: 装甲车辆工程
A39: 367 | B39: 1120231769 | C39: 许山合 | D39: =VLOOKUP([1]成绩单!B67,[1]Sheet1!$A:$K,4,0) -> 精工2310 | E39: 37 | F39: 0.596774 | G39: 77.7993 | H39: 67 | I39: 144.5 | J39: 0 | K39: 0 | L39: 是 | M39: 0.5 | N39: 0.4 | O39: 1.5 | P39: 0.5 | Q39: 0 | S39: =SUM(M39:Q39) -> 2.9 | T39: =COUNTIFS($Y$2:$Y$63, Y39, $S$2:$S$63, ">"&S39) + 1 -> 49 | U39: =0.85*E39+T39*0.15 -> 38.8 | V39: =100.4-0.4*W39 -> 85.2 | W39: =COUNTIFS($Y$2:$Y$63, Y39, $U$2:$U$63, "<"&U39) + 1 -> 38 | X39: 62 | Y39: 装甲车辆工程
A40: 368 | B40: 1120232623 | C40: 张仕喆 | D40: =VLOOKUP([1]成绩单!B71,[1]Sheet1!$A:$K,4,0) -> 精工2313 | E40: 41 | F40: 0.66129 | G40: 76.3516 | H40: 66 | I40: 141.5 | J40: 1 | K40: 1 | L40: 是 | M40: 3 | N40: 1.3 | O40: 1.5 | P40: 0 | Q40: 1 | S40: =SUM(M40:Q40) -> 6.8 | T40: =COUNTIFS($Y$2:$Y$63, Y40, $S$2:$S$63, ">"&S40) + 1 -> 37 | U40: =0.85*E40+T40*0.15 -> 40.4 | V40: =100.4-0.4*W40 -> 84.8 | W40: =COUNTIFS($Y$2:$Y$63, Y40, $U$2:$U$63, "<"&U40) + 1 -> 39 | X40: 62 | Y40: 装甲车辆工程
A41: 369 | B41: 1120231646 | C41: 栗敬博 | D41: =VLOOKUP([1]成绩单!B70,[1]Sheet1!$A:$K,4,0) -> 精工2310 | E41: 40 | F41: 0.645161 | G41: 76.5296 | H41: 67 | I41: 143.5 | J41: 1 | K41: 1 | L41: 是 | M41: 1.8 | N41: 1 | O41: 0.9 | P41: 0.6 | Q41: 0 | S41: =SUM(M41:Q41) -> 4.3 | T41: =COUNTIFS($Y$2:$Y$63, Y41, $S$2:$S$63, ">"&S41) + 1 -> 44 | U41: =0.85*E41+T41*0.15 -> 40.6 | V41: =100.4-0.4*W41 -> 84.4 | W41: =COUNTIFS($Y$2:$Y$63, Y41, $U$2:$U$63, "<"&U41) + 1 -> 40 | X41: 62 | Y41: 装甲车辆工程
A42: 370 | B42: 1120230373 | C42: 龚心然 | D42: =VLOOKUP([1]成绩单!B69,[1]Sheet1!$A:$K,4,0) -> 精工2313 | E42: 39 | F42: 0.629032 | G42: 77.5495 | H42: 65 | I42: 141.5 | J42: 0 | K42: 0 | L42: 是 | M42: 1.3 | N42: 1 | O42: 0 | P42: 0 | Q42: 0 | S42: =SUM(M42:Q42) -> 2.3 | T42: =COUNTIFS($Y$2:$Y$63, Y42, $S$2:$S$63, ">"&S42) + 1 -> 53 | U42: =0.85*E42+T42*0.15 -> 41.1 | V42: =100.4-0.4*W42 -> 84 | W42: =COUNTIFS($Y$2:$Y$63, Y42, $U$2:$U$63, "<"&U42) + 1 -> 41 | X42: 62 | Y42: 装甲车辆工程
A43: 371 | B43: 1120231786 | C43: 余彦德 | D43: =VLOOKUP([1]成绩单!B75,[1]Sheet1!$A:$K,4,0) -> 精工2313 | E43: 45 | F43: 0.725806 | G43: 74.1093 | H43: 72 | I43: 151 | J43: 2 | K43: 1 | L43: 是 | M43: 1.8 | N43: 1.75 | O43: 5.3 | P43: 6.8 | Q43: 1 | S43: =SUM(M43:Q43) -> 16.65 | T43: =COUNTIFS($Y$2:$Y$63, Y43, $S$2:$S$63, ">"&S43) + 1 -> 21 | U43: =0.85*E43+T43*0.15 -> 41.4 | V43: =100.4-0.4*W43 -> 83.6 | W43: =COUNTIFS($Y$2:$Y$63, Y43, $U$2:$U$63, "<"&U43) + 1 -> 42 | X43: 62 | Y43: 装甲车辆工程
A44: 372 | B44: 1120232291 | C44: 杨景涵 | D44: =VLOOKUP([1]成绩单!B73,[1]Sheet1!$A:$K,4,0) -> 精工2312 | E44: 43 | F44: 0.693548 | G44: 75.3781 | H44: 65 | I44: 141.5 | J44: 2 | K44: 1 | L44: 是 | M44: 1.9 | N44: 2 | O44: 1.45 | P44: 2.8 | Q44: 1.7 | S44: =SUM(M44:Q44) -> 9.85 | T44: =COUNTIFS($Y$2:$Y$63, Y44, $S$2:$S$63, ">"&S44) + 1 -> 33 | U44: =0.85*E44+T44*0.15 -> 41.5 | V44: =100.4-0.4*W44 -> 83.2 | W44: =COUNTIFS($Y$2:$Y$63, Y44, $U$2:$U$63, "<"&U44) + 1 -> 43 | X44: 62 | Y44: 装甲车辆工程
A45: 373 | B45: 1120232624 | C45: 王晨昊 | D45: =VLOOKUP([1]成绩单!B77,[1]Sheet1!$A:$K,4,0) -> 精工2310 | E45: 47 | F45: 0.758065 | G45: 72.827 | H45: 60 | I45: 131.5 | J45: 2 | K45: 0 | L45: 是 | M45: 3 | N45: 1 | O45: 4.5 | P45: 15.9 | Q45: 3.5 | S45: =SUM(M45:Q45) -> 27.9 | T45: =COUNTIFS($Y$2:$Y$63, Y45, $S$2:$S$63, ">"&S45) + 1 -> 12 | U45: =0.85*E45+T45*0.15 -> 41.75 | V45: =100.4-0.4*W45 -> 82.8 | W45: =COUNTIFS($Y$2:$Y$63, Y45, $U$2:$U$63, "<"&U45) + 1 -> 44 | X45: 62 | Y45: 装甲车辆工程
A46: 374 | B46: 1120231597 | C46: 古焯龙 | D46: =VLOOKUP([1]成绩单!B72,[1]Sheet1!$A:$K,4,0) -> 精工2311 | E46: 42 | F46: 0.677419 | G46: 75.7753 | H46: 66 | I46: 143.5 | J46: 1 | K46: 1 | L46: 是 | M46: 0 | N46: 1.45 | O46: 1 | P46: 1 | Q46: 0 | S46: =SUM(M46:Q46) -> 3.45 | T46: =COUNTIFS($Y$2:$Y$63, Y46, $S$2:$S$63, ">"&S46) + 1 -> 47 | U46: =0.85*E46+T46*0.15 -> 42.75 | V46: =100.4-0.4*W46 -> 82.4 | W46: =COUNTIFS($Y$2:$Y$63, Y46, $U$2:$U$63, "<"&U46) + 1 -> 45 | X46: 62 | Y46: 装甲车辆工程
A47: 375 | B47: 1120231519 | C47: 刘震宇 | D47: =VLOOKUP([1]成绩单!B76,[1]Sheet1!$A:$K,4,0) -> 精工2311 | E47: 46 | F47: 0.741935 | G47: 73.2703 | H47: 66 | I47: 141.5 | J47: 3 | K47: 2 | L47: 是 | M47: 2.5 | N47: 2 | O47: 0.3 | P47: 0 | Q47: 0 | S47: =SUM(M47:Q47) -> 4.8 | T47: =COUNTIFS($Y$2:$Y$63, Y47, $S$2:$S$63, ">"&S47) + 1 -> 42 | U47: =0.85*E47+T47*0.15 -> 45.4 | V47: =100.4-0.4*W47 -> 82 | W47: =COUNTIFS($Y$2:$Y$63, Y47, $U$2:$U$63, "<"&U47) + 1 -> 46 | X47: 62 | Y47: 装甲车辆工程
A48: 376 | B48: 1120230396 | C48: 袁磊 | D48: =VLOOKUP([1]成绩单!B74,[1]Sheet1!$A:$K,4,0) -> 精工2311 | E48: 44 | F48: 0.709677 | G48: 74.4382 | H48: 63 | I48: 137.5 | J48: 1 | K48: 1 | L48: 是 | M48: 0 | N48: 0 | O48: 0 | P48: 0 | Q48: 0 | S48: =SUM(M48:Q48) -> 0 | T48: =COUNTIFS($Y$2:$Y$63, Y48, $S$2:$S$63, ">"&S48) + 1 -> 58 | U48: =0.85*E48+T48*0.15 -> 46.1 | V48: =100.4-0.4*W48 -> 81.6 | W48: =COUNTIFS($Y$2:$Y$63, Y48, $U$2:$U$63, "<"&U48) + 1 -> 47 | X48: 62 | Y48: 装甲车辆工程
A49: 377 | B49: 1120233388 | C49: 荀江宏 | D49: =VLOOKUP([1]成绩单!B80,[1]Sheet1!$A:$K,4,0) -> 精工2311 | E49: 50 | F49: 0.806452 | G49: 70.7061 | H49: 65 | I49: 139.5 | J49: 9 | K49: 2 | L49: 是 | M49: 4.7 | N49: 4.2 | O49: 4.2 | P49: -0.5 | Q49: 0 | S49: =SUM(M49:Q49) -> 12.6 | T49: =COUNTIFS($Y$2:$Y$63, Y49, $S$2:$S$63, ">"&S49) + 1 -> 28 | U49: =0.85*E49+T49*0.15 -> 46.7 | V49: =100.4-0.4*W49 -> 81.2 | W49: =COUNTIFS($Y$2:$Y$63, Y49, $U$2:$U$63, "<"&U49) + 1 -> 48 | X49: 62 | Y49: 装甲车辆工程
A50: 378 | B50: 1120232219 | C50: 陈智磊 | D50: =VLOOKUP([1]成绩单!B78,[1]Sheet1!$A:$K,4,0) -> 精工2311 | E50: 48 | F50: 0.774194 | G50: 72.1113 | H50: 65 | I50: 141.5 | J50: 4 | K50: 2 | L50: 是 | M50: 2.4 | N50: 1.2 | O50: 1.1 | P50: 0.2 | Q50: 0.2 | S50: =SUM(M50:Q50) -> 5.1 | T50: =COUNTIFS($Y$2:$Y$63, Y50, $S$2:$S$63, ">"&S50) + 1 -> 41 | U50: =0.85*E50+T50*0.15 -> 46.95 | V50: =100.4-0.4*W50 -> 80.8 | W50: =COUNTIFS($Y$2:$Y$63, Y50, $U$2:$U$63, "<"&U50) + 1 -> 49 | X50: 62 | Y50: 装甲车辆工程
A51: 379 | B51: 1120230714 | C51: 李东伟 | D51: =VLOOKUP([1]成绩单!B79,[1]Sheet1!$A:$K,4,0) -> 精工2313 | E51: 49 | F51: 0.790323 | G51: 71.25 | H51: 65 | I51: 141 | J51: 4 | K51: 2 | L51: 是 | M51: 0.4 | N51: 2.1 | O51: 1.5 | P51: -0.5 | Q51: 0 | S51: =SUM(M51:Q51) -> 3.5 | T51: =COUNTIFS($Y$2:$Y$63, Y51, $S$2:$S$63, ">"&S51) + 1 -> 46 | U51: =0.85*E51+T51*0.15 -> 48.55 | V51: =100.4-0.4*W51 -> 80.4 | W51: =COUNTIFS($Y$2:$Y$63, Y51, $U$2:$U$63, "<"&U51) + 1 -> 50 | X51: 62 | Y51: 装甲车辆工程
A52: 380 | B52: 1120231634 | C52: 潘逸飞 | D52: =VLOOKUP([1]成绩单!B82,[1]Sheet1!$A:$K,4,0) -> 精工2311 | E52: 52 | F52: 0.83871 | G52: 67.9749 | H52: 69 | I52: 149.5 | J52: 7 | K52: 4 | L52: 是 | M52: 2.4 | N52: 1.25 | O52: 0 | P52: 0 | Q52: 0 | S52: =SUM(M52:Q52) -> 3.65 | T52: =COUNTIFS($Y$2:$Y$63, Y52, $S$2:$S$63, ">"&S52) + 1 -> 45 | U52: =0.85*E52+T52*0.15 -> 50.95 | V52: =100.4-0.4*W52 -> 80 | W52: =COUNTIFS($Y$2:$Y$63, Y52, $U$2:$U$63, "<"&U52) + 1 -> 51 | X52: 62 | Y52: 装甲车辆工程
A53: 381 | B53: 1120232319 | C53: 郭俊奇 | D53: =VLOOKUP([1]成绩单!B85,[1]Sheet1!$A:$K,4,0) -> 精工2312 | E53: 55 | F53: 0.887097 | G53: 66.0871 | H53: 66 | I53: 143.5 | J53: 6 | K53: 3 | L53: 是 | M53: 0.4 | N53: 0.9 | O53: 1 | P53: 8.2 | Q53: 0.5 | S53: =SUM(M53:Q53) -> 11 | T53: =COUNTIFS($Y$2:$Y$63, Y53, $S$2:$S$63, ">"&S53) + 1 -> 30 | U53: =0.85*E53+T53*0.15 -> 51.25 | V53: =100.4-0.4*W53 -> 79.6 | W53: =COUNTIFS($Y$2:$Y$63, Y53, $U$2:$U$63, "<"&U53) + 1 -> 52 | X53: 62 | Y53: 装甲车辆工程
A54: 382 | B54: 1120232202 | C54: 时泽铭 | D54: =VLOOKUP([1]成绩单!B87,[1]Sheet1!$A:$K,4,0) -> 精工2313 | E54: 57 | F54: 0.919355 | G54: 63.9223 | H54: 65 | I54: 141.5 | J54: 6 | K54: 4 | L54: 否 | M54: 2.3 | N54: 1 | O54: 6.3 | P54: 5 | Q54: 0 | S54: =SUM(M54:Q54) -> 14.6 | T54: =COUNTIFS($Y$2:$Y$63, Y54, $S$2:$S$63, ">"&S54) + 1 -> 24 | U54: =0.85*E54+T54*0.15 -> 52.05 | V54: =100.4-0.4*W54 -> 79.2 | W54: =COUNTIFS($Y$2:$Y$63, Y54, $U$2:$U$63, "<"&U54) + 1 -> 53 | X54: 62 | Y54: 装甲车辆工程
A55: 383 | B55: 1120232499 | C55: 刘畅 | D55: =VLOOKUP([1]成绩单!B81,[1]Sheet1!$A:$K,4,0) -> 精工2312 | E55: 51 | F55: 0.822581 | G55: 69.8986 | H55: 64 | I55: 138 | J55: 6 | K55: 4 | L55: 是 | M55: 0.2 | N55: 0.2 | O55: 0.2 | P55: -1.5 | Q55: 0 | S55: =SUM(M55:Q55) -> -0.9 | T55: =COUNTIFS($Y$2:$Y$63, Y55, $S$2:$S$63, ">"&S55) + 1 -> 62 | U55: =0.85*E55+T55*0.15 -> 52.65 | V55: =100.4-0.4*W55 -> 78.8 | W55: =COUNTIFS($Y$2:$Y$63, Y55, $U$2:$U$63, "<"&U55) + 1 -> 54 | X55: 62 | Y55: 装甲车辆工程
A56: 384 | B56: 1120230441 | C56: 尹泽明 | D56: =VLOOKUP([1]成绩单!B83,[1]Sheet1!$A:$K,4,0) -> 精工2312 | E56: 53 | F56: 0.854839 | G56: 67.7285 | H56: 67 | I56: 145.5 | J56: 6 | K56: 4 | L56: 否 | M56: 0.75 | N56: 0.45 | O56: 0.5 | P56: -0.5 | Q56: 0 | S56: =SUM(M56:Q56) -> 1.2 | T56: =COUNTIFS($Y$2:$Y$63, Y56, $S$2:$S$63, ">"&S56) + 1 -> 56 | U56: =0.85*E56+T56*0.15 -> 53.45 | V56: =100.4-0.4*W56 -> 78.4 | W56: =COUNTIFS($Y$2:$Y$63, Y56, $U$2:$U$63, "<"&U56) + 1 -> 55 | X56: 62 | Y56: 装甲车辆工程
A57: 385 | B57: 1120232493 | C57: 陈致君 | D57: =VLOOKUP([1]成绩单!B90,[1]Sheet1!$A:$K,4,0) -> 精工2312 | E57: 60 | F57: 0.967742 | G57: 58.4521 | H57: 66 | I57: 141 | J57: 14 | K57: 4 | L57: 是 | M57: 3.8 | N57: 2.5 | O57: 1 | P57: 5 | Q57: 3 | S57: =SUM(M57:Q57) -> 15.3 | T57: =COUNTIFS($Y$2:$Y$63, Y57, $S$2:$S$63, ">"&S57) + 1 -> 23 | U57: =0.85*E57+T57*0.15 -> 54.45 | V57: =100.4-0.4*W57 -> 78 | W57: =COUNTIFS($Y$2:$Y$63, Y57, $U$2:$U$63, "<"&U57) + 1 -> 56 | X57: 62 | Y57: 装甲车辆工程
A58: 386 | B58: 1120233711 | C58: 萨木哈尔· 苏伟 | D58: =VLOOKUP([1]成绩单!B84,[1]Sheet1!$A:$K,4,0) -> 精工2313 | E58: 54 | F58: 0.870968 | G58: 67.2961 | H58: 66 | I58: 141 | J58: 6 | K58: 5 | L58: 是 | M58: 0 | N58: 0 | O58: 0 | P58: 0 | Q58: 0 | S58: =SUM(M58:Q58) -> 0 | T58: =COUNTIFS($Y$2:$Y$63, Y58, $S$2:$S$63, ">"&S58) + 1 -> 58 | U58: =0.85*E58+T58*0.15 -> 54.6 | V58: =100.4-0.4*W58 -> 77.6 | W58: =COUNTIFS($Y$2:$Y$63, Y58, $U$2:$U$63, "<"&U58) + 1 -> 57 | X58: 62 | Y58: 装甲车辆工程
A59: 387 | B59: 1120232886 | C59: 李俨霖 | D59: =VLOOKUP([1]成绩单!B89,[1]Sheet1!$A:$K,4,0) -> 精工2310 | E59: 59 | F59: 0.951613 | G59: 60.5498 | H59: 61 | I59: 135.5 | J59: 11 | K59: 8 | L59: 是 | M59: 1.5 | N59: 1 | O59: 2.5 | P59: 1.5 | Q59: 2 | S59: =SUM(M59:Q59) -> 8.5 | T59: =COUNTIFS($Y$2:$Y$63, Y59, $S$2:$S$63, ">"&S59) + 1 -> 35 | U59: =0.85*E59+T59*0.15 -> 55.4 | V59: =100.4-0.4*W59 -> 77.2 | W59: =COUNTIFS($Y$2:$Y$63, Y59, $U$2:$U$63, "<"&U59) + 1 -> 58 | X59: 62 | Y59: 装甲车辆工程
A60: 388 | B60: 1120230336 | C60: 侯煜山 | D60: =VLOOKUP([1]成绩单!B86,[1]Sheet1!$A:$K,4,0) -> 精工2313 | E60: 56 | F60: 0.903226 | G60: 65.5461 | H60: 65 | I60: 141 | J60: 8 | K60: 2 | L60: 是 | M60: 1.2 | N60: 0.75 | O60: 0.5 | P60: -1 | Q60: 0 | S60: =SUM(M60:Q60) -> 1.45 | T60: =COUNTIFS($Y$2:$Y$63, Y60, $S$2:$S$63, ">"&S60) + 1 -> 55 | U60: =0.85*E60+T60*0.15 -> 55.85 | V60: =100.4-0.4*W60 -> 76.8 | W60: =COUNTIFS($Y$2:$Y$63, Y60, $U$2:$U$63, "<"&U60) + 1 -> 59 | X60: 62 | Y60: 装甲车辆工程
A61: 389 | B61: 1120232207 | C61: 彭祥瑞 | D61: =VLOOKUP([1]成绩单!B88,[1]Sheet1!$A:$K,4,0) -> 精工2312 | E61: 58 | F61: 0.935484 | G61: 62.4635 | H61: 68 | I61: 144 | J61: 10 | K61: 6 | L61: 是 | M61: 0.75 | N61: 0.25 | O61: 1 | P61: 0 | Q61: 0 | S61: =SUM(M61:Q61) -> 2 | T61: =COUNTIFS($Y$2:$Y$63, Y61, $S$2:$S$63, ">"&S61) + 1 -> 54 | U61: =0.85*E61+T61*0.15 -> 57.4 | V61: =100.4-0.4*W61 -> 76.4 | W61: =COUNTIFS($Y$2:$Y$63, Y61, $U$2:$U$63, "<"&U61) + 1 -> 60 | X61: 62 | Y61: 装甲车辆工程
A62: 390 | B62: 1120233575 | C62: 李昱辰 | D62: =VLOOKUP([1]成绩单!B91,[1]Sheet1!$A:$K,4,0) -> 精工2313 | E62: 61 | F62: 0.983871 | G62: 56.4032 | H62: 65 | I62: 139.5 | J62: 12 | K62: 9 | L62: 是 | M62: 3.2 | N62: 1.2 | O62: 0 | P62: -1.5 | Q62: 0 | S62: =SUM(M62:Q62) -> 2.9 | T62: =COUNTIFS($Y$2:$Y$63, Y62, $S$2:$S$63, ">"&S62) + 1 -> 49 | U62: =0.85*E62+T62*0.15 -> 59.2 | V62: =100.4-0.4*W62 -> 76 | W62: =COUNTIFS($Y$2:$Y$63, Y62, $U$2:$U$63, "<"&U62) + 1 -> 61 | X62: 62 | Y62: 装甲车辆工程
A63: 391 | B63: 1120220858 | C63: 景恒宇 | D63: =VLOOKUP([1]成绩单!B92,[1]Sheet1!$A:$K,4,0) -> 精工2313 | E63: 62 | F63: 1 | G63: 50.9355 | H63: 65 | I63: 143.5 | J63: 17 | K63: 9 | L63: 否 | M63: 0 | N63: 0 | O63: 0 | P63: 0 | Q63: 0 | S63: =SUM(M63:Q63) -> 0 | T63: =COUNTIFS($Y$2:$Y$63, Y63, $S$2:$S$63, ">"&S63) + 1 -> 58 | U63: =0.85*E63+T63*0.15 -> 61.4 | V63: =100.4-0.4*W63 -> 75.6 | W63: =COUNTIFS($Y$2:$Y$63, Y63, $U$2:$U$63, "<"&U63) + 1 -> 62 | X63: 62 | Y63: 装甲车辆工程
